-- MySQL dump 10.16  Distrib 10.1.29-MariaDB, for Win32 (AMD64)
--
-- Host: localhost    Database: academia
-- ------------------------------------------------------
-- Server version	10.1.29-MariaDB

/*!40101 SET @OLD_CHARACTER_SET_CLIENT=@@CHARACTER_SET_CLIENT */;
/*!40101 SET @OLD_CHARACTER_SET_RESULTS=@@CHARACTER_SET_RESULTS */;
/*!40101 SET @OLD_COLLATION_CONNECTION=@@COLLATION_CONNECTION */;
/*!40101 SET NAMES utf8 */;
/*!40103 SET @OLD_TIME_ZONE=@@TIME_ZONE */;
/*!40103 SET TIME_ZONE='+00:00' */;
/*!40014 SET @OLD_UNIQUE_CHECKS=@@UNIQUE_CHECKS, UNIQUE_CHECKS=0 */;
/*!40014 SET @OLD_FOREIGN_KEY_CHECKS=@@FOREIGN_KEY_CHECKS, FOREIGN_KEY_CHECKS=0 */;
/*!40101 SET @OLD_SQL_MODE=@@SQL_MODE, SQL_MODE='NO_AUTO_VALUE_ON_ZERO' */;
/*!40111 SET @OLD_SQL_NOTES=@@SQL_NOTES, SQL_NOTES=0 */;

--
-- Current Database: `academia`
--

CREATE DATABASE /*!32312 IF NOT EXISTS*/ `academia` /*!40100 DEFAULT CHARACTER SET latin1 */;

USE `academia`;

--
-- Table structure for table `categoria`
--

DROP TABLE IF EXISTS `categoria`;
/*!40101 SET @saved_cs_client     = @@character_set_client */;
/*!40101 SET character_set_client = utf8 */;
CREATE TABLE `categoria` (
  `id` int(11) NOT NULL AUTO_INCREMENT,
  `nome` varchar(300) NOT NULL,
  `valor` decimal(5,2) NOT NULL,
  PRIMARY KEY (`id`)
) ENGINE=InnoDB AUTO_INCREMENT=18 DEFAULT CHARSET=latin1;
/*!40101 SET character_set_client = @saved_cs_client */;

--
-- Dumping data for table `categoria`
--

LOCK TABLES `categoria` WRITE;
/*!40000 ALTER TABLE `categoria` DISABLE KEYS */;
INSERT INTO `categoria` VALUES (3,'Integral',45.00),(4,'Família',40.00),(5,'Estudante',40.00),(6,'Inove',40.00),(7,'Itense Fit',55.00),(8,'Patrocínio',1.00),(9,'Dança',35.00),(10,'Jiu-Jitsu',45.00),(11,'Personal',1.00),(12,'Judô',50.00),(13,'Jiu-Jitsu e Musculação',70.00),(14,'Jiu-Jitsu + Dança',65.00),(15,'Policial',35.00),(16,'Dança + Musculação',65.00),(17,'AMTQ',40.00);
/*!40000 ALTER TABLE `categoria` ENABLE KEYS */;
UNLOCK TABLES;

--
-- Table structure for table `cliente`
--

DROP TABLE IF EXISTS `cliente`;
/*!40101 SET @saved_cs_client     = @@character_set_client */;
/*!40101 SET character_set_client = utf8 */;
CREATE TABLE `cliente` (
  `id` int(11) NOT NULL AUTO_INCREMENT,
  `nome` varchar(600) NOT NULL,
  `data_nascimento` date NOT NULL,
  `categoria` int(11) NOT NULL,
  `email` varchar(300) NOT NULL,
  `telefone` varchar(15) NOT NULL,
  `rua` varchar(300) NOT NULL,
  `bairro` varchar(300) NOT NULL,
  `numero` int(11) NOT NULL,
  `data_cri` date NOT NULL,
  `perfil` varchar(500) NOT NULL,
  `anexo_mensal` date NOT NULL,
  `anexo_trimestral` date NOT NULL,
  `anexo_reserva` date NOT NULL,
  PRIMARY KEY (`id`,`nome`) USING BTREE
) ENGINE=InnoDB AUTO_INCREMENT=909 DEFAULT CHARSET=latin1;
/*!40101 SET character_set_client = @saved_cs_client */;

--
-- Dumping data for table `cliente`
--

LOCK TABLES `cliente` WRITE;
/*!40000 ALTER TABLE `cliente` DISABLE KEYS */;
INSERT INTO `cliente` VALUES (24,'Abdon Pinheiro Alves','1982-02-15',3,'','(88) 99997-6421','Av. Geraldo Bizarria de Carvalho','Distrito Industrial',359,'2018-03-18','Abdon_Pinheiro_Alves(1982-02-15)','0000-00-00','0000-00-00','0000-00-00'),(25,'Aurineide Gomes Barbosa','1993-04-27',4,'','(88) 99229-9733','Distrito Industrial','Distrito Industrial',8,'2018-03-18','Aurineide_Gomes_Barbosa(1993-04-27)','0000-00-00','0000-00-00','0000-00-00'),(26,'Ana Carla Oliveira de Sousa','1996-07-06',3,'','(88) 99304-1814','Rua Teófilo Lessa','Centro',146,'2018-03-18','Ana_Carla_Oliveira_de_Sousa(1996-07-06)','0000-00-00','0000-00-00','0000-00-00'),(27,'Antônio Jeferson Alves Holanda','1997-03-13',3,'','(88) 99633-2790','Rua Francisco Delmiro de Oliveira','Centro',1,'2018-03-18','Antônio_Jeferson_Alves_Holanda(1997-03-13)','0000-00-00','0000-00-00','0000-00-00'),(28,'Antônio Idelvane Alves de Sousa','1981-03-25',3,'','(88) 99417-9076','Rua Capitão Raimundo','Centro',1,'2018-03-18','Antônio_Idelvane_Alves_de_Sousa(1981-03-25)','0000-00-00','0000-00-00','0000-00-00'),(29,'Antônio Wifred da Silva','1991-03-08',3,'','(88) 99625-9760','Rua José Apolônio da Silva','Salviano Carlos',55,'2018-03-18','Antônio_Wifred_da_Silva(1991-03-08)','0000-00-00','0000-00-00','0000-00-00'),(30,'Adriana Fidelles','1974-08-08',3,'','(88) 99442-5440','Rua Idelzuite Almeida','José Airton Machado',77,'2018-03-18','Adriana_Fidelles(1974-08-08)','0000-00-00','0000-00-00','0000-00-00'),(31,'Allan José do Nascimento Lima','1993-03-04',3,'','(88) 99729-7856','Rua Tabelião Miguel Câmara','Centro',106,'2018-03-18','Allan_José_do_Nascimento_Lima(1993-03-04)','0000-00-00','0000-00-00','0000-00-00'),(32,'Antônio de Sousa da Silva F.','1989-04-23',3,'','(88) 99482-2204','Luis Gomes Coutinho','Maravilha',298,'2018-03-18','Antônio_de_Sousa_da_Silva_F.(1989-04-23)','0000-00-00','0000-00-00','0000-00-00'),(33,'Antônio Marlos Correia Couto','1989-07-30',3,'','(88) 99290-0960','Travessa Bento Rocha Lima','Edmilson Correia',1,'2018-03-18','Antônio_Marlos_Correia_Couto(1989-07-30)','0000-00-00','0000-00-00','0000-00-00'),(34,'Antônia Paloma do Nascimento Nobre','1996-06-07',3,'','(88) 99976-6996','Rua Manoel Martins de Almeida','Edmilson Correia',27,'2018-03-18','Antônia_Paloma_do_Nascimento_Nobre(1996-06-07)','0000-00-00','0000-00-00','0000-00-00'),(35,'Ana Letícia Barbosa da Silva','0199-09-30',3,'','(88) 99729-7294','Rua Honorato Pinto de Araújo','Edmilson Correia',40,'2018-03-18','Ana_Letícia_Barbosa_da_Silva(0199-09-30)','0000-00-00','0000-00-00','0000-00-00'),(36,'Byanca Sousa Rocha','2000-06-14',3,'','(88) 99666-2091','João Capistrano Saldanha','Edmilson Correia',276,'2018-03-19','Byanca_Sousa_Rocha(2000-06-14)','0000-00-00','0000-00-00','0000-00-00'),(37,'Bianca Holanda Castro','2001-06-14',4,'','(88) 99991-7477','Rua José Luis da Silva','Edmilson Correia',21,'2018-03-19','Bianca_Holanda_Castro(2001-06-14)','0000-00-00','0000-00-00','0000-00-00'),(38,'Carla Cristina de M. H. Guedes','1981-03-17',3,'','(85) 98638-5515','Rua Margarida Félix de Araújo','Edmilson Correia',32,'2018-03-19','Carla_Cristina_de_M._H._Guedes(1981-03-17)','0000-00-00','0000-00-00','0000-00-00'),(39,'Carlos Alysson Lima','1989-01-26',3,'','(88) 99655-8414','Rua Américo Militão','Centro',237,'2018-03-19','Carlos_Alysson_Lima(1989-01-26)','0000-00-00','0000-00-00','0000-00-00'),(40,'Cima Amorim','1973-03-25',9,'','(88) 99998-9605','Av. Geraldo Bizarria de Carvalho','Distrito Industrial',363,'2018-03-19','Cima_Amorim(1973-03-25)','0000-00-00','0000-00-00','0000-00-00'),(41,'Francisco Holanda de Lima','1970-07-27',4,'','(88) 99965-2643','Rua Lana Paiva','Edmilson Correia',128,'2018-03-19','Francisco_Holanda_de_Lima(1970-07-27)','0000-00-00','0000-00-00','0000-00-00'),(42,'Dayane de Abreu Fideles','2005-07-27',3,'','(88) 99352-6552','Travessa Idelzuite Almeida','Rodoviária',1,'2018-03-19','Dayane_de_Abreu_Fideles(2005-07-27)','0000-00-00','0000-00-00','0000-00-00'),(43,'Davi Pinheiro Jerônimo','2002-01-26',3,'','(88) 99226-9312','Rua Idelzuite Almeida','José Airton Machado',33,'2018-03-19','Davi_Pinheiro_Jerônimo(2002-01-26)','0000-00-00','0000-00-00','0000-00-00'),(44,'Daniele Mourão','1991-12-02',3,'','(88) 99919-6103','Rua Luisa Correia','Edmilson Correia',46,'2018-03-19','Daniele_Mourão(1991-12-02)','0000-00-00','0000-00-00','0000-00-00'),(45,'Carlos Victor de Araújo Oliveira','1994-07-29',3,'','(88) 99225-9962','Rua Honorato Pinto de Araújo','Distrito Industrial',8,'2018-03-19','Carlos_Victor_de_Araújo_Oliveira(1994-07-29)','0000-00-00','0000-00-00','0000-00-00'),(46,'Daniel Kalebe F. Dantas','1997-10-20',3,'','(88) 99207-7057','Rua Pedro Teles de Menezes','Duque de Caxias',95,'2018-03-19','Daniel_Kalebe_F._Dantas(1997-10-20)','0000-00-00','0000-00-00','0000-00-00'),(47,'Ellem Nobre','1995-01-09',3,'','(88) 99686-1981','Rua Leste Oeste','Edmilson Correia',23,'2018-03-19','Ellem_Nobre(1995-01-09)','0000-00-00','0000-00-00','0000-00-00'),(48,'Claudia Narjara Colares da Silva','1984-12-03',3,'','(88) 99967-1153','Rua Princesa Isabel','Centro',219,'2018-03-19','Cláudia_Nayara_Colares_da_Silva(1984-12-03)','0000-00-00','0000-00-00','0000-00-00'),(49,'Elizabete Leitão de Freitas','1968-11-22',4,'','(88) 99901-7177','Rua Manoel Ferreira e Silva','Rodoviária',120,'2018-03-19','Elizabete_Leitão_de_Freitas(1968-11-22)','0000-00-00','0000-00-00','0000-00-00'),(50,'Eduardo Bruno Jota','1996-03-21',3,'','(88) 99869-9999','Maria Saraiva','Rodoviária',80,'2018-03-19','Eduardo_Bruno_Jota(1996-03-21)','0000-00-00','0000-00-00','0000-00-00'),(51,'Emerson Pereira da Costa','1974-08-10',3,'','(88) 99644-6561','Francisco Ferreira da Costa','Salviano Carlos',40,'2018-03-19','Emerson_Pereira_da_Costa(1974-08-10)','0000-00-00','0000-00-00','0000-00-00'),(52,'Eliza Dara Gomes de Almeida','1995-12-19',3,'','(88) 99248-8623','Rua Leste Oeste','Distrito Industrial',31,'2018-03-19','Eliza_Dara_Gomes_de_Almeida(1995-12-19)','0000-00-00','0000-00-00','0000-00-00'),(53,'Emanuela Lemos','1998-08-26',3,'','(88) 99981-0840','Rua Gregório Veridiano','José Airton Machado',181,'2018-03-19','Emanuela_Lemos(1998-08-26)','0000-00-00','0000-00-00','0000-00-00'),(54,'Emerson Wilian Barros Nascimento','2001-05-21',3,'','(88) 99202-6657','Rua Monsenhor Salviano Pinto','Centro',483,'2018-03-19','Emerson_Wilian_Barros_Nascimento(2001-05-21)','0000-00-00','0000-00-00','0000-00-00'),(55,'Francisco Ailon','1981-03-06',3,'','(88) 99943-5530','Rua Maria do Carmo da Rocha','José Airton Machado',198,'2018-03-19','Francisco_Ailon(1981-03-06)','0000-00-00','0000-00-00','0000-00-00'),(56,'Geovana Câmara Wibbeling','2001-09-10',4,'','(88) 99666-5731','Rua Edmundo Batista de Almeida','Centro',25,'2018-03-19','Geovana_Câmara_Wibbeling(2001-09-10)','0000-00-00','0000-00-00','0000-00-00'),(57,'Francisco Anderson P. Damasceno','1992-03-25',3,'','(88) 99712-9330','Rua das Tulipas','Salviano Carlos',53,'2018-03-19','Francisco_Anderson_P._Damasceno(1992-03-25)','0000-00-00','0000-00-00','0000-00-00'),(58,'Francisco Wandson de Barros','1988-08-05',3,'','(85) 98618-5170','Rua Ana Almeida Machado','Centro',32,'2018-03-19','Francisco_Wandson_de_Barros(1988-08-05)','0000-00-00','0000-00-00','0000-00-00'),(59,'Gerda Soares Pinheiro','1987-01-15',3,'','(88) 99698-3348','Rua José Simão Filho','Edmilson Correia',213,'2018-03-19','Gerda_Soares_Pinheiro(1987-01-15)','0000-00-00','0000-00-00','0000-00-00'),(60,'Antônia Géssica Barbosa Nunes','1997-08-28',3,'','(88) 99425-3184','Rua Geraldo Bizarria de Carvalho','Distrito Industrial',1,'2018-03-19','Antônia_Géssica_Barbosa_Nunes(1997-08-28)','0000-00-00','0000-00-00','0000-00-00'),(61,'Francisco Daniel Vasconcelos Araújo','1986-12-13',3,'','(88) 99747-0371','Rua João Capistrano Saldanha','Edmilson Correia',279,'2018-03-19','Francisco_Daniel_Vasconcelos_Araújo(1986-12-13)','0000-00-00','0000-00-00','0000-00-00'),(62,'Geisa de Araújo Oliveira','1995-09-03',3,'','(88) 99969-2475','Rua Aluísio Siqueira','José Airton Machado',84,'2018-03-19','Geisa_de_Araújo_Oliveira(1995-09-03)','0000-00-00','0000-00-00','0000-00-00'),(63,'Geovana Leitão de Freitas','1997-11-06',3,'','(88) 99609-7924','Rua Manuel Ferreira e Silva','Distrito Industrial',120,'2018-03-19','Geovana_Leitão_de_Freitas(1997-11-06)','0000-00-00','0000-00-00','0000-00-00'),(64,'Gilson Wiebbeling','1976-05-21',4,'','(88) 99922-9401','Rua Edmundo Batista de Almeida','Centro',25,'2018-03-19','Gilson_Wiebbeling(1976-05-21)','0000-00-00','0000-00-00','0000-00-00'),(66,'Fernando Saldanha de A. Neto','1992-12-11',3,'','(88) 99772-4922','Rua José Campos Torquarto','José Airton Machado',347,'2018-03-19','Fernando_Saldanha_de_A._Neto(1992-12-11)','0000-00-00','0000-00-00','0000-00-00'),(67,'Herico Feitosa Guedes','1980-07-22',3,'','(85) 98835-4696','Rua Margarida Félix de Araújo','Edmilson Correia',32,'2018-03-19','Herico_Feitosa_Guedes(1980-07-22)','0000-00-00','0000-00-00','0000-00-00'),(68,'Hugo Castilho Almeida','1994-04-30',4,'','(88) 99806-1951','Rua Edmir Pinto','Edmilson Correia',68,'2018-03-19','Hugo_Castilho_Almeida(1994-04-30)','0000-00-00','0000-00-00','0000-00-00'),(69,'Isabella Quirino Barros','1988-11-23',3,'','(88) 99785-9156','Rua Idelzuite Almeida','José Airton Machado',71,'2018-03-19','Isabella_Quirino_Barros(1988-11-23)','0000-00-00','0000-00-00','0000-00-00'),(70,'Maria Jacqueline Saraiva de Sousa','1987-08-17',3,'jacquelinesousa2017@gmail.com','(88) 99425-9468','Rua Presidente Carlos','Centro',157,'2018-03-19','Maria_Jacqueline_Saraiva_de_Sousa(1987-08-17)','0000-00-00','0000-00-00','0000-00-00'),(71,'Iago Simão da Silva','1999-07-24',3,'','(88) 99999-1339','Av. Geraldo Bizarria de Carvalho','José Airton Machado',1,'2018-03-19','Iago_Simão_da_Silva(1999-07-24)','0000-00-00','0000-00-00','0000-00-00'),(72,'José Alex Pereira do Monte','1982-01-02',3,'','(88) 99941-6872','Rua Idelzuite Almeida','José Airton Machado',39,'2018-03-19','José_Alex_Pereira_do_Monte(1982-01-02)','0000-00-00','0000-00-00','0000-00-00'),(73,'Juliana Rodrgues','1984-08-09',3,'','(88) 99311-7488','Rua Bejamim Barroso','Centro',350,'2018-03-19','Juliana_Rodrgues(1984-08-09)','0000-00-00','0000-00-00','0000-00-00'),(74,'Lucivania Luciano de Araújo da Silva','1994-11-29',4,'','(88) 99219-9972','Travessa Aloisio Mota Saraiva','Distrito Industrial',8,'2018-03-19','Lucivania_Luciano_de_Araújo_da_Silva(1994-11-29)','0000-00-00','0000-00-00','0000-00-00'),(75,'Kaio Breno de Sousa Silva','1997-04-11',5,'','(88) 99450-8777','Rua José Weudon de Oliveira','Edmilson Correia',105,'2018-03-19','Kaio_Breno_de_Sousa_Silva(1997-04-11)','0000-00-00','0000-00-00','0000-00-00'),(77,'Lucas Gomes de Almeida','1996-04-16',3,'','(88) 99338-5679','Rodovia do Algodão','Luis Almeida',2069,'2018-03-19','Lucas_Gomes_de_Almeida(1996-04-16)','0000-00-00','0000-00-00','0000-00-00'),(78,'Luana Lemos da Silva','2001-05-25',3,'','(88) 99262-0486','Rua Antônio Pinheiro','Centro',22,'2018-03-19','Luana_Lemos_da_Silva(2001-05-25)','0000-00-00','0000-00-00','0000-00-00'),(79,'Aurilene Pereira Tomaz do Carmo','1981-05-20',3,'','(88) 99463-7102','Rua Lana Paiva','José Airton Machado',64,'2018-03-20','Aurilene_Pereira_Tomaz_do_Carmo(1981-05-20)','0000-00-00','0000-00-00','0000-00-00'),(81,'Bruno Matheus Magalhães','1996-08-21',3,'','(88) 99379-0785','Rua José Antenor de Sousa','Edmilson Correia Vasconcelos',51,'2018-03-20','Bruno_Matheus_Magalhães(1996-08-21)','0000-00-00','0000-00-00','0000-00-00'),(84,'Maria dos Reis Barros Oliveira','1967-02-21',3,'','(88) 03441-3310','Av. Geraldo Bizarria de Carvalho','Edmilson Correia Vasconcelos',68,'2018-03-20','Maria_dos_Reis_Barros_Oliveira(1967-02-21)','0000-00-00','0000-00-00','0000-00-00'),(85,'Francisco Liduino Silva Sousa','1966-06-07',4,'','(88) 03341-3310','Av. Geraldo Bizarria de Carvalho','Edmilson Correia Vasconcelos',68,'2018-03-20','Francisco_Liduino_Silva_Sousa(1966-06-07)','0000-00-00','0000-00-00','0000-00-00'),(86,'Morgana da Silva Castro','1995-05-24',3,'','(88) 99730-2779','Rua José Apolônio da Silva','Salviano Carlos',55,'2018-03-20','Morgana_da_Silva_Castro(1995-05-24)','0000-00-00','0000-00-00','0000-00-00'),(87,'Marcio Doohan M. Ricardo','1999-10-25',5,'','(88) 99837-8417',' Antonio Cisnando',' Antonio Cisnando',66,'2018-03-20','Marcio_Loohan_M._Ricardo(1999-10-25)','0000-00-00','0000-00-00','0000-00-00'),(88,'Mayanne Maria de Lima','1986-11-30',3,'','(88) 99625-1551','Rua Honorato Pinto de Araújo','Edmilson Correia Vasconcelos',19,'2018-03-20','Mayanne_Maria_de_Lima(1986-11-30)','0000-00-00','0000-00-00','0000-00-00'),(89,'Maria Edileusa Tavares','1982-04-13',3,'','(88) 99740-3130','Rua Ednir Pinto Ferreira','Leste Oeste',23,'2018-03-20','Maria_Edileusa_Tavares(1982-04-13)','0000-00-00','0000-00-00','0000-00-00'),(90,'Marcele da Silva Castro','1990-11-16',3,'','(88) 99287-3908','Rua José Apolônio','Salviano Carlos',55,'2018-03-20','Marcele_da_Silva_Castro(1990-11-16)','0000-00-00','0000-00-00','0000-00-00'),(91,'Maria Rozana Vieira de Lima','1988-04-28',3,'','(85) 99903-4559','Travessa Geraldo Bizarria de Carvalho','Distrito Industrial',808,'2018-03-20','Maria_Rozana_Vieira_de_Lima(1988-04-28)','0000-00-00','0000-00-00','0000-00-00'),(92,'Kallyne Ribeiro Rodrigues','1990-01-18',3,'','(88) 99968-0259','Rua Honorato Pinto de Araújo','Honorato Pinto de Araújo',51,'2018-03-20','Kallyne_Ribeiro_Rodrigues(1990-01-18)','0000-00-00','0000-00-00','0000-00-00'),(93,'Maria Joseanne Almeida','1997-01-27',5,'','(88) 99363-7406','Rua Maria Menescal de Oliveira','Edmilson Correia Vasconcelos',140,'2018-03-20','Maria_Joseanne_Almeida(1997-01-27)','0000-00-00','0000-00-00','0000-00-00'),(94,'Maria Janieide Pinheiro','1990-02-19',3,'','(88) 99617-1349','Idelzuite Almeida','Rodoviária',75,'2018-03-20','Maria_Janieide_Pinheiro(1990-02-19)','0000-00-00','0000-00-00','0000-00-00'),(95,'Lucas Holanda de Brito','1995-11-23',4,'','(88) 99453-8043','Rua Dom Quitino','Centro',162,'2018-03-20','Lucas_Holanda_de_Brito(1995-11-23)','0000-00-00','0000-00-00','0000-00-00'),(97,'Willon Silva Holanda','1991-01-05',3,'nilsonholanda05@gmail.com','(88) 99661-3548','Rua Ednir Pinto Ferreira','Edmilson Correia Vasconcelos',56,'2018-03-20','Willon_Silva_Holanda(1991-01-05)','0000-00-00','0000-00-00','0000-00-00'),(98,'Norma Iracema Gomes Bibeiro','1954-10-11',3,'','(88) 99630-2942','Francisco Belmiro de Oliveira','Pompeia',9,'2018-03-20','Norma_Iracema_Gomes_Bibeiro(1954-10-11)','0000-00-00','0000-00-00','0000-00-00'),(99,'Nielly Nara S. Henrique','1991-11-04',3,'','(88) 99424-0108','Dr. José Bonifácio','Duque de Caxias',94,'2018-03-20','Nielly_Nara_S._Henrique(1991-11-04)','0000-00-00','0000-00-00','0000-00-00'),(100,'Natasha Maria Lopes Viana','1987-05-10',9,'','(88) 99786-8052','Rua João Capistrano Saldanha','Edmilson Correia Vasconcelos',1,'2018-03-20','Natasha_Maria_Lopes_Viana(1987-05-10)','0000-00-00','0000-00-00','0000-00-00'),(101,'Mayara Katllyn Capistrano da Costa','1998-10-02',3,'','(88) 99804-8865','Mosenhor Salviano Pinto','Centro',686,'2018-03-20','Mayara_Katllyn_Capistrano_da_Costa(1998-10-02)','0000-00-00','0000-00-00','0000-00-00'),(102,'Ana Clara Lopes do Nascimento','1963-12-23',3,'','(88) 99257-9154','Rua Idelzuíte Almeida','José Airton Machado',45,'2018-03-20','Ana_Clara_Lopes_do_Nascimento(1963-12-23)','0000-00-00','0000-00-00','0000-00-00'),(103,'Antônio Marcos Lemos da Silva Filho','1999-01-17',3,'','(88) 99413-8536','José Ferreira da Costa, 29','Duque de Caxias',0,'2018-03-21','Antônio_Marcos_Lemos_da_Silva_Filho(1999-01-17)','0000-00-00','0000-00-00','0000-00-00'),(104,'Regina Lucia França Martins ','1996-11-16',3,'','(88) 99423-8918','Dr. Monteiro Filho','José Airton Machado',531,'2018-03-21','Regina_Lucia_França_Martins_(1996-11-16)','0000-00-00','0000-00-00','0000-00-00'),(105,'Gilvan Teixeira Mauricio','1987-07-25',3,'','(88) 99922-9393','Paulo Mauricio da Silva','Edmilson Correia Vasconcelos',114,'2018-03-21','Gilvan_Teixeira_Mauricio(1987-07-25)','0000-00-00','0000-00-00','0000-00-00'),(108,'Suzani Maria Saraiva Costa','1977-11-19',3,'','(88) 99944-2245','Dr Joaquim Fernandes','Centro',606,'2018-03-21','Suzani_Maria_Saraiva_Costa(1977-11-19)','0000-00-00','0000-00-00','0000-00-00'),(109,'Leilane Lourenço Damasceno','1990-01-28',3,'','(88) 99666-0790','Margarida Felix de Araujo','Edmilson Correia Vasconcelos',31,'2018-03-21','Leilane_Lourenço_Damasceno(1990-01-28)','0000-00-00','0000-00-00','0000-00-00'),(110,'Paulo Victor da Silva Paz ','2000-01-27',5,'','(88) 99921-9907','Manoel Ferreira e Silva','Centro',147,'2018-03-21','Paulo_Victor_da_Silva_Paz_(2000-01-27)','0000-00-00','0000-00-00','0000-00-00'),(111,'Myllena Santana Magalhães ','1998-09-14',3,'','(88) 99947-3601','Lino Nobre Câmera','Edmilson Correia Vasconcelos',89,'2018-03-21','Myllena_Santana_Magalhães_(1998-09-14)','0000-00-00','0000-00-00','0000-00-00'),(112,'Ruanna Fernandes da Silva ','1991-03-26',3,'','(88) 99484-6646','Av. Geraldo Bizarria de Carvalho','Edmilson Correia Vasconcelos',180,'2018-03-21','Ruanna_Fernandes_da_Silva_(1991-03-26)','0000-00-00','0000-00-00','0000-00-00'),(113,'Jamille Alves Carneiro','1992-09-09',3,'','(88) 99869-6753','Idelzuite Almeida','Rodoviária',73,'2018-03-21','Jamille_Alves_Carneiro(1992-09-09)','0000-00-00','0000-00-00','0000-00-00'),(114,'José Nonato da Silva Neto','1988-02-15',4,'josemelo@gmail.com','(88) 99817-6465','Dona Maria Saraiva','Rodoviária',20,'2018-03-21','José_Nonato_da_Silva_Neto(1988-02-15)','0000-00-00','0000-00-00','0000-00-00'),(115,'José Roberto Rocha Júnior ','1994-10-06',4,'','(88) 99910-0217','Trav. Luis Lourenço da Silva ','Edmilson Correia Vasconcelos',340,'2018-03-21','José_Roberto_Rocha_Júnior_(1994-10-06)','0000-00-00','0000-00-00','0000-00-00'),(116,'Jessica Maria Mendonça Alves','1989-02-23',4,'','(88) 99410-0217','Trav. Luis Lourenço da Silva ','Edmilson Correia Vasconcelos',340,'2018-03-21','Jessica_Maria_Mendonça_Alves(1989-02-23)','0000-00-00','0000-00-00','0000-00-00'),(117,'Luiz José Cintra de Lima','1970-09-08',3,'','(85) 99601-3545','Rua José Capistrano Saldanha','Edmilson Correia',60,'2018-03-22','Luiz_José_Cintra_de_Lima(1970-09-08)','0000-00-00','0000-00-00','0000-00-00'),(119,'Paula Victória Mota Ricardo','2002-01-10',3,'','(88) 99777-7404','Rua Francisco Holanda Dias','José AIrton Machado',167,'2018-03-22','Paula_Victória_Mota_Ricardo(2002-01-10)','0000-00-00','0000-00-00','0000-00-00'),(120,'Plínio Cabral de Oliveira','1997-12-26',3,'','(88) 99784-2764','Cônego Pinto','Centro',78,'2018-03-22','Plínio_Cabral_de_Oliveira(1997-12-26)','0000-00-00','0000-00-00','0000-00-00'),(121,'Pedro Torres Conceição','1999-02-04',4,'','(88) 99357-2156','Avenida Geraldo Bizarria de Carvalho','Distrito Industrial',682,'2018-03-22','Pedro_Torres_Conceição(1999-02-04)','0000-00-00','0000-00-00','0000-00-00'),(122,'José Reney Pereira do Monte','1993-07-01',3,'','(88) 99900-1457','Rua Idelzuite Almeida','José Airton Machado',39,'2018-03-22','José_Reney_Pereira_do_Monte(1993-07-01)','0000-00-00','0000-00-00','0000-00-00'),(123,'Paulo Victor Ferreira de Freitas','1995-07-08',3,'duokadima@gmail.com','(88) 99287-2279','Rua 13 de Junho','Centro',599,'2018-03-22','Paulo_Victor_Ferreira_de_Freitas(1995-07-08)','0000-00-00','0000-00-00','0000-00-00'),(124,'Pedro Henrique Paulino Pinheiro','2000-10-16',3,'','(88) 99669-9727','Aluísio Mota Saraiva','Edmilson Correia',11,'2018-03-22','Pedro_Henrique_Paulino_Pinheiro(2000-10-16)','0000-00-00','0000-00-00','0000-00-00'),(125,'Paloma Vitta','1992-08-23',3,'','(88) 99246-4249','Rua Luiz Lourenço da Silva','Distrito Industrial',332,'2018-03-22','Paloma_Vitta(1992-08-23)','0000-00-00','0000-00-00','0000-00-00'),(127,'Mayara Kattyn Capistrano da Costa','1998-10-02',3,'','(88) 99804-8865','Rua Monsenhor Salviano Pinto','Centro',686,'2018-03-22','Mayara_Kattyn_Capistrano_da_Costa(1998-10-02)','0000-00-00','0000-00-00','0000-00-00'),(128,'Roberta de Sousa','1992-09-22',3,'','(88) 99436-7101','Rua Dom Quitino','Centro',162,'2018-03-22','Roberta_de_Sousa(1992-09-22)','0000-00-00','0000-00-00','0000-00-00'),(129,'Romário Farias dos Santos','1993-10-11',3,'','(88) 99917-0778','Travessa Gregório Veridiano','Rodoviária',24,'2018-03-22','Romário_Farias_dos_Santos(1993-10-11)','0000-00-00','0000-00-00','0000-00-00'),(130,'Romário Sousa','1988-03-12',3,'','(88) 99322-6144','Rua José Weldon','Distrito Industrial',0,'2018-03-22','Romário_Sousa(1988-03-12)','0000-00-00','0000-00-00','0000-00-00'),(131,'Rosana Noberto Dantas','1986-02-27',4,'','(88) 99639-4303','Rua Ednir Pinto Ferreira','Edmilson Correia',68,'2018-03-22','Rosana_Noberto_Dantas(1986-02-27)','0000-00-00','0000-00-00','0000-00-00'),(132,'Renan Victor de A. Silva','2004-01-28',3,'','(88) 99239-3310','Av. Geraldo Bizarria de Carvalho','Airton Machado',92,'2018-03-22','Renan_Victor_de_A._Silva(2004-01-28)','0000-00-00','0000-00-00','0000-00-00'),(133,'Rayane Vieira de Lima','1996-08-15',3,'','(88) 99736-5636','Travessa Geraldo Bizarria de Carvalho','Distrito Industrial',808,'2018-03-22','Rayane_Vieira_de_Lima(1996-08-15)','0000-00-00','0000-00-00','0000-00-00'),(134,'Rádamys Linfolfo da Silva Sousa','1990-11-11',3,'','(88) 99668-6327','Rua Teófilo Lessa','Rodoviária',146,'2018-03-22','Rádamys_Linfolfo_da_Silva_Sousa(1990-11-11)','0000-00-00','0000-00-00','0000-00-00'),(135,'Rodrigo Lorran da Silva','1994-01-21',3,'','(88) 99265-2882','Raimundo  Ferreira da Costa','Edmilson Correia',0,'2018-03-22','Rodrigo_Lorran_da_Silva(1994-01-21)','0000-00-00','0000-00-00','0000-00-00'),(137,'Sania Maria Holanda','1978-03-11',4,'','(88) 99630-2991','José Luis da Silva','Edmilson Correia',21,'2018-03-22','Sania_Maria_Holanda(1978-03-11)','0000-00-00','0000-00-00','0000-00-00'),(139,'Sarah Cinthia Oliveira Furtunato ','1999-03-31',3,'','(88) 99217-7809','Euclides Wicar','Alerio Câmera ',96,'2018-03-22','Sarah_Cinthia_Oliveira_Furtunato_(1999-03-31)','0000-00-00','0000-00-00','0000-00-00'),(140,'Samara Larissa de Sousa Dantas','1991-11-02',3,'','(88) 99811-5500','Cleodon Siqueira','Vila São Paulo',1412,'2018-03-22','Samara_Larissa_de_Sousa_Dantas(1991-11-02)','0000-00-00','0000-00-00','0000-00-00'),(141,'Samuel Lopes Marques de Almeida','2002-04-23',3,'','(88) 99926-0809','José Luis da Silva','Edmilson Correia',28,'2018-03-22','Samuel_Lopes_Marques_de_Almeida(2002-04-23)','0000-00-00','0000-00-00','0000-00-00'),(142,'Vânia Maria Genuino ','1972-06-01',3,'','(88) 99449-4228','Dr. Monteiro Filho','Centro',305,'2018-03-22','Vânia_Maria_Genuino_(1972-06-01)','0000-00-00','0000-00-00','0000-00-00'),(143,'Artur Cesar Sousa Costa','1999-09-04',5,'','(85) 99699-4088','Rua da Cruz','Centro',181,'2018-03-22','Artur_Cesar_Sousa_Costa(1999-09-04)','0000-00-00','0000-00-00','0000-00-00'),(144,'Vinicius de Lima Elói','2000-10-15',3,'','(88) 99853-4893','Rua Honorato Pinto Araújo','Distrito Industrial',16,'2018-03-22','Vinicius_de_Lima_Elói(2000-10-15)','0000-00-00','0000-00-00','0000-00-00'),(145,'Vanessa M. Lemos','1994-10-06',3,'','(88) 99972-9882','Rua Paulo Maurício da Silva','Edmilson Correia Vasconcelos',114,'2018-03-22','Vanessa_M._Lemos(1994-10-06)','0000-00-00','0000-00-00','0000-00-00'),(146,'Deyanne Ranaynne Barros da Silva','1989-10-31',3,'','(88) 99990-2494','Rua Maria das Dores Jacinto Ferreira','Dr. José Airton',0,'2018-03-22','Deyanne_Ranaynne_Barros_da_Silva(1989-10-31)','0000-00-00','0000-00-00','0000-00-00'),(148,'Carla Rejane de Araújo Passos','1988-06-20',3,'','(88) 99440-6301','Maria das Dores  Jacinto','José Airton Machado',63,'2018-03-22','Carla_Rejane_de_Araújo_Passos(1988-06-20)','0000-00-00','0000-00-00','0000-00-00'),(149,'Caio Victor Lopes Paiva','1998-11-13',5,'','(88) 99910-8778','Av. Damião Carneiro','Duque de Caxias',180,'2018-03-23','Caio_Victor_Lopes_Paiva(1998-11-13)','0000-00-00','0000-00-00','0000-00-00'),(150,'Claudio Saldanha Barbosa','1970-03-20',4,'','(88) 99300-4127','Rua Américo Militão','Centro',87,'2018-03-23','Claudio_Saldanha_Barbosa(1970-03-20)','0000-00-00','0000-00-00','0000-00-00'),(151,'Michelle Rodrigues da Silva','1991-04-22',4,'','(88) 99773-6482','Rua Afonso Ricardo','José Airton Machado',15,'2018-03-23','Michelle_Rodrigues_da_Silva(1991-04-22)','0000-00-00','0000-00-00','0000-00-00'),(152,'Ana Silvia Fernandes','1974-08-28',3,'','(88) 99447-2542','José Nunes','Rodoviária',37,'2018-03-23','Ana_Silvia_Fernandes(1974-08-28)','0000-00-00','0000-00-00','0000-00-00'),(153,'Laura Isabelle Fideles Batista','2001-08-17',3,'','(88) 99334-8926','Travessa Ideuzuite Ameida','Destrito Industrial ',77,'2018-03-23','Laura_Isabelle_Fideles_Batista(2001-08-17)','0000-00-00','0000-00-00','0000-00-00'),(154,'Caio Jeferson Gonçalves ','1998-01-10',3,'','(88) 99928-7049','Dr. José Dias','Centro',138,'2018-03-23','Caio_Jeferson_Gonçalves_(1998-01-10)','0000-00-00','0000-00-00','0000-00-00'),(155,'Tania Maria de Souza Castro','1977-04-30',3,'','(88) 99337-6318','Francisco Holanda Dias','Rodoviária',193,'2018-03-26','Tania_Maria_de_Souza_Castro(1977-04-30)','0000-00-00','0000-00-00','0000-00-00'),(156,'Thabíta F. E.','2001-02-05',5,'','(88) 99628-9725','Rua José Gomes Coutinho','Pedro Teles',47,'2018-03-26','Thabíta_F._E.(2001-02-05)','0000-00-00','0000-00-00','0000-00-00'),(157,'Ana Maria Cardoso Nogueira','1995-05-20',3,'','(88) 98822-2397','Travessa Luis Augusto Nascimento','Edmilson Correia Vasconcelos',4,'2018-03-27','Ana_Maria_Cardoso_Nogueira(1995-05-20)','0000-00-00','0000-00-00','0000-00-00'),(158,'Aldenir Gomes de Araújo','1976-04-11',7,'','(88) 99260-0297','Rua Luis Paulino de Morais','Jaime Lopes',94,'2018-03-27','Aldenir_Gomes_de_Araújo(1976-04-11)','0000-00-00','0000-00-00','0000-00-00'),(159,'Vanessa Holanda Parente','1997-09-07',3,'','(88) 99781-5178','Rua Idelzuìte Almeida','Rodoviária',0,'2018-03-27','Vanessa_Holanda_Parente(1997-09-07)','0000-00-00','0000-00-00','0000-00-00'),(160,'Matheus Rocha da Silva','1998-12-06',3,'','(88) 99241-8551','Pedro Teles de Meneses','Duque de Caxias',0,'2018-03-27','Matheus_Rocha_da_Silva(1998-12-06)','0000-00-00','0000-00-00','0000-00-00'),(162,'Maria Vanyelle Nogueira Feitosa','1990-09-01',3,'','(88) 99678-9502','Rua Manoel Rocha Lemos','Edmilson Correia Vasconcelos',148,'2018-03-27','Maria_Vanyelle_Nogueira_Feitosa(1990-09-01)','0000-00-00','0000-00-00','0000-00-00'),(163,'Caique Iran Almeida Paiva','1993-02-24',3,'','(88) 99947-4267','Rua Rafael Por Deus','Duque de Caxias',188,'2018-03-27','Caique_Iran_Almeida_Paiva(1993-02-24)','0000-00-00','0000-00-00','0000-00-00'),(164,'Mikaelly Rodrigues da Silva','1993-11-10',3,'','(88) 99273-8666','Rua Afonso Ricardo','Centro',15,'2018-03-27','Mikaelly_Rodrigues_da_Silva(1993-11-10)','0000-00-00','0000-00-00','0000-00-00'),(165,'Alex Pinheiro Magalhães','1987-05-22',4,'','(85) 99630-6361','Rua Desembargador Américo Militão','Edmilson Correia Vasconcelos',841,'2018-03-27','Alex_Pinheiro_Magalhães(1987-05-22)','0000-00-00','0000-00-00','0000-00-00'),(166,'Antônia Alessônia P. da Rocha','1982-11-21',3,'','(88) 99931-4231','Rua Joel Nunes','Rodoviária',40,'2018-03-27','Antônia_Alessônia_P._da_Rocha(1982-11-21)','0000-00-00','0000-00-00','0000-00-00'),(167,'Ana Letícia N. Severo','1997-09-09',3,'','(88) 99300-9902','Rua 13 de Junho','Centro',634,'2018-03-28','Ana_Letícia_N._Severo(1997-09-09)','0000-00-00','0000-00-00','0000-00-00'),(168,'Fábio Muniz Mesquita','1985-04-10',3,'','(88) 99976-5566','Rua Dom Quitino','Centro',162,'2018-03-28','Fábio_Muniz_Mesquita(1985-04-10)','0000-00-00','0000-00-00','0000-00-00'),(170,'Jacqueline Fernandes dos Santos','1983-02-06',3,'','(88) 99684-5015','Rua Manoel Ferreira e Silva','José Airton Machado',101,'2018-03-29','Jacqueline_Fernandes_dos_Santos(1983-02-06)','0000-00-00','0000-00-00','0000-00-00'),(171,'Antônia Eliania da Silva Santiago','1967-02-03',3,'','(88) 99910-1921','Travessa Ideuzuite Ameida','Rodoviária',0,'2018-04-03','Antônia_Eliania_da_Silva_Santiago(1967-02-03)','0000-00-00','0000-00-00','0000-00-00'),(172,'Paulo Henrique da Silva Muniz','1995-04-15',3,'','(88) 99932-4522','Francisco Holanda Dias','Rodoviária',241,'2018-04-03','Paulo_Henrique_da_Silva_Muniz(1995-04-15)','0000-00-00','0000-00-00','0000-00-00'),(174,'Fabiano Araújo de Oliveira','1991-08-17',3,'','(88) 99943-4114','Av. Geraldo Bizarria de Carvalho','Edmilson Correia Vasconcelos',686,'2018-04-03','Fabiano_Araújo_de_Oliveira(1991-08-17)','0000-00-00','0000-00-00','0000-00-00'),(175,'Jardênia Mayara da Silva','1990-05-11',3,'','(88) 98139-5279','Rua Simão Marrul','Edmilson Correia Vasconcelos',376,'2018-04-03','Jardênia_Mayara_da_Silva(1990-05-11)','0000-00-00','0000-00-00','0000-00-00'),(176,'Antônia Sandra de A. Siqueira','1960-12-16',3,'','(88) 99643-7482','Francisco Genésio Fernandes','Rodoviária',20,'2018-04-03','Antônia_Sandra_de_A._Siqueira(1960-12-16)','0000-00-00','0000-00-00','0000-00-00'),(177,'Vanuzia Vanesca Monte','1991-12-11',3,'','(88) 99725-0200','Travessa Ideuzuite Ameida','Rodoviária',39,'2018-04-03','Vanuzia_Vanessa_Monte(1991-12-11)','0000-00-00','0000-00-00','0000-00-00'),(178,'Harley Davidson Ferreira Rodrigues','1981-05-02',10,'','(88) 99970-8668','Rua Isaura Camelo','Edmilson Correia Vasconcelos',47,'2018-04-03','Harley_Davidson_Pereira_Rodrigues(1981-05-02)','0000-00-00','0000-00-00','0000-00-00'),(179,'Marcos Willamy Paulino','1997-09-28',5,'','(88) 99298-1210','Rua Aluízio Mota Saraiva','Distrito Industrial',211,'2018-04-03','Marcos_Willamy_Paulino(1997-09-28)','0000-00-00','0000-00-00','0000-00-00'),(180,'Rayane Teles de Souza','1997-03-21',3,'','(88) 99248-1799','Rayane Teles Augusto do Nascimento','Edmilson Correia Vasconcelos',168,'2018-04-03','Rayane_Teles_de_Souza(1997-03-21)','0000-00-00','0000-00-00','0000-00-00'),(181,'Antônia Vieira da Silva Santiago','1967-02-03',3,'','(88) 99910-1921','Travessa Ideuzuite Ameida','Rodoviária',0,'2018-04-03','Antônia_Vieira_da_Silva_Santiago(1967-02-03)','0000-00-00','0000-00-00','0000-00-00'),(182,'Azanias Henrique da Silva','1965-05-30',3,'','(88) 99717-9796','Rua Dr. José Bonifácio','Duque de Caxias',94,'2018-04-03','Azanias_Henrique_da_Silva(1965-05-30)','0000-00-00','0000-00-00','0000-00-00'),(183,'Renato de Oliveira Batista','1981-03-14',6,'','(88) 99933-9638','Rua Marina Menescal de Oliveira','Edmilson Correia Vasconcelos',0,'2018-04-03','Renato_de_Oliveira_Batista(1981-03-14)','0000-00-00','0000-00-00','0000-00-00'),(184,'Ana Louise Pinheiro Paulino','2001-07-25',10,'','(88) 99670-0390','Maria Saraiva','Rodoviária',132,'2018-04-03','Ana_Louise_Pinheiro_Paulino(2001-07-25)','0000-00-00','0000-00-00','0000-00-00'),(185,'Débora Ferreira R. Maia','2004-03-02',4,'','(88) 99272-3441','Av. Geraldo Bizarria de Carvalho','Edmilson Correia Vasconcelos',243,'2018-04-03','Débora_Ferreira_R._Maia(2004-03-02)','0000-00-00','0000-00-00','0000-00-00'),(186,'Jonisva do P. Albuquerque','1978-03-15',3,'','(85) 99404-2376','Rua Ramos Botelho','Papicu',208,'2018-04-03','Jonisva_do_P._Albuquerque(1978-03-15)','0000-00-00','0000-00-00','0000-00-00'),(187,'Edna F. R. de Paula','1972-12-05',4,'','(88) 99935-2270','Av. Geraldo Bizarria de Carvalho','Edmilson Correia Vasconcelos',243,'2018-04-03','Edna_F._R._de_Paula(1972-12-05)','0000-00-00','0000-00-00','0000-00-00'),(188,'Antônio Emanuel Cardoso Nogueira','2001-02-24',5,'','(88) 99278-9078','Travessa Luis Augusto Nascimento','José Campos Torquarto',4,'2018-04-03','Antônio_Emanuel_Cardoso_Nogueira(2001-02-24)','0000-00-00','0000-00-00','0000-00-00'),(189,'Allan Victor da Silva Vasconcelos','2001-04-05',5,'','(88) 99476-0236','Rua Humberto Martins','Conjunto Esperança',263,'2018-04-03','Allan_Victor_da_Silva_Vasconcelos(2001-04-05)','0000-00-00','0000-00-00','0000-00-00'),(190,'Arcelino Batista da Costa Junior','1994-11-15',3,'','(88) 99242-0563','Rua Aluísio Skeff','Monteiro de Morais',11,'2018-04-03','Arcelino_Batista_da_Costa_Junior(1994-11-15)','0000-00-00','0000-00-00','0000-00-00'),(191,'Adna Kesya da Silva Martins','1996-11-04',4,'','(88) 99479-8648','Rua Dr. Sebastião Cavalcante','Monteiro de Morais',57,'2018-04-03','Adna_Kesya_da_Silva_Martins(1996-11-04)','0000-00-00','0000-00-00','0000-00-00'),(192,'Emilce Maria de Sousa Leitão','1985-02-14',3,'','(88) 99702-3098','Rua Luis Augusto do Nascimento','Edmilson Correia Vasconcelos',126,'2018-04-03','Emilce_Maria_de_Sousa_Leitão(1985-02-14)','0000-00-00','0000-00-00','0000-00-00'),(195,'Mikael Abner da Silva Ferreira','1999-09-12',3,'','(88) 99449-1533','Rua Francisco Holanda Dias','Rodoviária',0,'2018-04-04','Mikael_Abner_da_Silva_Ferreira(1999-09-12)','0000-00-00','0000-00-00','0000-00-00'),(196,'Augusto Marcell Pinheiro Rodrigues','1984-08-28',3,'','(85) 99926-4775','Rua Maria das Dores Jacinto Ferreira','José Airton Machado',63,'2018-04-04','Augusto_Marcell_Pinheiro_Rodrigues(1984-08-28)','0000-00-00','0000-00-00','0000-00-00'),(197,'Anderson Henrique Magalhães','1995-03-19',5,'','(88) 99869-0520','José Antenor de Sousa','Edmilson Correia Vasconcelos',51,'2018-04-04','Anderson_Henrique_Magalhães(1995-03-19)','0000-00-00','0000-00-00','0000-00-00'),(198,'Maria Eduarda Rocha','2001-09-25',3,'','(88) 99321-9580','Rua José Campos Torquato','Rodoviária',700,'2018-04-04','Maria_Eduarda_Rocha(2001-09-25)','0000-00-00','0000-00-00','0000-00-00'),(199,'Maria Eronilcia de Oliveira Viana','1991-04-21',3,'','(88) 99675-6067','Ademar Nogueira','Conjunto Esperança',495,'2018-04-04','Maria_Eronilcia_de_Oliveira_Viana(1991-04-21)','0000-00-00','0000-00-00','0000-00-00'),(200,'Tais Pinho do Nascimento','1992-02-13',3,'','(88) 99245-8089','Rua Gutembergue Mesquita','Vila União',81,'2018-04-04','Tais_Pinheiro_do_Nascimento(1992-02-13)','0000-00-00','0000-00-00','0000-00-00'),(201,'Luana da Silva Pimentel','1998-08-03',3,'','(88) 99361-6092','Dr. Monteiro Filho','Centro',448,'2018-04-04','Luana_da_Silva_Pimentel(1998-08-03)','0000-00-00','0000-00-00','0000-00-00'),(202,'Pinheiro Neto','1984-10-10',4,'','(88) 99612-1286','Travessa Bento Rocha','Edmilson Correia Vasconcelos',152,'2018-04-04','Pinheiro_Neto(1984-10-10)','0000-00-00','0000-00-00','0000-00-00'),(203,'Anna Rochelley A. B. de Oliveira','1990-08-08',3,'','(85) 99809-2848','Av. Geraldo Bizarria de Carvalho','Edmilson Correia Vasconcelos',0,'2018-04-06','Anna_Rochelley_A._B._de_Oliveira(1990-08-08)','0000-00-00','0000-00-00','0000-00-00'),(204,'Sâmya de Brito Araújo','1978-06-13',4,'','(88) 99622-2480','Rua José Antenor de Sousa','Edmilson Correia Vasconcelos',35,'2018-04-06','Sâmya_de_Brito_Araújo(1978-06-13)','0000-00-00','0000-00-00','0000-00-00'),(205,'Pedro Viníciius G. ed S. Lira','1999-11-10',3,'','(88) 99432-0363','Rua Cônego Aureliano Mota','Centro',372,'2018-04-06','Pedro_Viníciius_G._ed_S._Lira(1999-11-10)','0000-00-00','0000-00-00','0000-00-00'),(206,'Francisca Emanuela Andrade de Souza','1988-07-14',3,'','(88) 99910-6319','Margarida Félix de Araújo','Edmilson Correia Vasconcelos',19,'2018-04-06','Francisca_Emanuela_Andrade_de_Souza(1988-07-14)','0000-00-00','0000-00-00','0000-00-00'),(207,'Emille karen','2000-05-28',3,'','(88) 99411-5199','LESTE OESTE 3','Edmilson Correia Vasconcelos',23,'2018-04-09','Emille_karen(2000-05-28)','0000-00-00','0000-00-00','0000-00-00'),(208,'Larissa Mamede','1996-08-14',3,'','(88) 99905-6304','Travessa Luis Augusto Nascimento','Edmilson Correia Vasconcelos',8,'2018-04-09','Larissa_Mamede(1996-08-14)','0000-00-00','0000-00-00','0000-00-00'),(209,'Julia Pimenta Pinho ','2002-03-07',8,'','(88) 99654-9587','Maria Zilda Costa','José Airton Machado',44,'2018-04-09','Julia_Pimenta_Pinho_(2002-03-07)','0000-00-00','0000-00-00','0000-00-00'),(210,'Rany Késia Moreira da Silva','1995-04-21',3,'','(85) 99912-1138','Dona Romana','Centro',26,'2018-04-09','Rany_Késia_Moreira_da_Silva(1995-04-21)','0000-00-00','0000-00-00','0000-00-00'),(211,'Valrizar neto','1666-01-21',3,'','(88) 99992-3134','Ana morais ','Industrial',19,'2018-04-09','Valrizar_neto(1666-01-21)','0000-00-00','0000-00-00','0000-00-00'),(212,'Nadia Narcisa de Santos','1993-04-28',3,'','(88) 99419-2593','Maria das Dores Jacinto Ferreira','Dr. José Airton Machado',65,'2018-04-09','Nadia_Narcisa_de_Santos(1993-04-28)','0000-00-00','0000-00-00','0000-00-00'),(213,'Livia Luana da Sousa','1990-05-21',3,'','(88) 99290-8433','Antônio Carlos ','Salviano Carlos',315,'2018-04-09','Livia_Luana_da_Sousa(1990-05-21)','0000-00-00','0000-00-00','0000-00-00'),(214,'Luiz Paulo Nogimo','1987-06-17',3,'','(88) 99910-8474','Dr José cipriano ','Centro',370,'2018-04-10','Luiz_Paulo_Nogimo(1987-06-17)','0000-00-00','0000-00-00','0000-00-00'),(215,'Milena Mihlian Pedrosa','1979-05-31',3,'','(88) 99714-2390','Zilda Costa','Edmilson Correia Vasconcelos',67,'2018-04-10','Milena_Mihlian_Pedrosa(1979-05-31)','0000-00-00','0000-00-00','0000-00-00'),(216,'Zildelia Lima dos Santos','1982-09-29',3,'','(88) 98217-4281','Lara Paiva','Edmilson Correia Vasconcelos',0,'2018-04-10','Zildelia_Lima_dos_Santos(1982-09-29)','0000-00-00','0000-00-00','0000-00-00'),(217,'Ana Kellen da Cruz','1989-07-10',3,'','(88) 99746-2002','Teixeira de Freitas','Centro',0,'2018-04-10','Ana_Kellen_da_Cruz(1989-07-10)','0000-00-00','0000-00-00','0000-00-00'),(218,'Rafaela Sarmento Farias','1983-01-06',3,'','(88) 99613-0315','LESTE OESTE ','Distrito Industrial',39,'2018-04-10','Rafaela_Sarmento_Farias(1983-01-06)','0000-00-00','0000-00-00','0000-00-00'),(219,'Nayara Pereira Lourenço','1986-01-25',3,'','(88) 99709-4438','Antônio Jair Comelo','Solviano Carlos',150,'2018-04-10','Nayara_Pereira_Lourenço(1986-01-25)','0000-00-00','0000-00-00','0000-00-00'),(220,'Renata Sousa Barreto','1990-09-28',3,'','(88) 99961-7625','Ednir Pinto','Edmilson Correia Vasconcelos',72,'2018-04-10','Renata_Sousa_Barreto(1990-09-28)','0000-00-00','0000-00-00','0000-00-00'),(221,'Matheus de Paulo Maciel','1990-11-06',5,'','(88) 99229-3751','Travessa João Capistrano Saldanha','Edmilson Correia Vasconcelos',94,'2018-04-10','Matheus_de_Paulo_Maciel(1990-11-06)','0000-00-00','0000-00-00','0000-00-00'),(222,'Maria Aline de Sousa','1987-06-15',3,'','(88) 99619-2521','Bougeval Leão','Centro',889,'2018-04-10','Maria_Aline_de_Sousa(1987-06-15)','0000-00-00','0000-00-00','0000-00-00'),(223,'João Batista','1999-12-15',3,'','(88) 99672-1401','Presidente Vargas','José Curélio Câmara',158,'2018-04-10','João_Batista(1999-12-15)','0000-00-00','0000-00-00','0000-00-00'),(224,'José Augusto de Souza Filho','1984-10-05',3,'','(88) 99209-8672','Bougeval Leão','Centro',0,'2018-04-10','José_Augusto_de_Souza_Filho(1984-10-05)','0000-00-00','0000-00-00','0000-00-00'),(225,'João Wictor Gomes Vidal','1999-08-01',3,'','(88) 99412-0302','Honorado Pinto Araújo','Edmilson Correia Vasconcelos',49,'2018-04-10','João_Wictor_Gomes_Vidal(1999-08-01)','0000-00-00','0000-00-00','0000-00-00'),(226,'Laine Barbosa','1986-04-01',3,'','(88) 99995-3528','Raimundo Ferreira Costa','Edmilson Correia Vasconcelos',7,'2018-04-10','Laine_Barbosa(1986-04-01)','0000-00-00','0000-00-00','0000-00-00'),(227,'José Osvaldo de Almeida','1970-05-19',3,'','(88) 99999-9999','Desembargador Américo Militão','Rodoviária',573,'2018-04-11','José_Osvaldo_de_Almeida(1970-05-19)','0000-00-00','0000-00-00','0000-00-00'),(228,'Nicoly Vitor da Silva','2002-07-22',3,'','(88) 99420-8682','Rua Presidente Vargas','Centro',127,'2018-04-11','Nicoly_Vitor_da_Silva(2002-07-22)','0000-00-00','0000-00-00','0000-00-00'),(229,'Antônio Flávio de Oliveira','1974-11-25',4,'','(88) 99284-2133','Rua Maria Saraiva','Dr. José Airton Machado',136,'2018-04-11','Antônio_Flávio_de_Oliveira(1974-11-25)','0000-00-00','0000-00-00','0000-00-00'),(230,'Naiara dos Santos Cruz','1996-05-25',3,'','(88) 99260-0047','Rua Francisco Holanda Dias','José Airton Machado',267,'2018-04-11','Naiara_dos_Santos_Cruz(1996-05-25)','0000-00-00','0000-00-00','0000-00-00'),(231,'Carlos G.','1978-04-12',3,'','(85) 99998-5992','Rua Idelzuíte Almeida','Roviária',92,'2018-04-11','Carlos_G.(1978-04-12)','0000-00-00','0000-00-00','0000-00-00'),(232,'Lillian Maria Rodrigues Pereira','1988-09-25',3,'','(88) 99332-3126','Rua José Campos Torquato','Rodoviária',288,'2018-04-11','Lillian_Maria_Rodrigues_Pereira(1988-09-25)','0000-00-00','0000-00-00','0000-00-00'),(233,'Julie Caroline Martins Silva','1996-01-31',3,'','(88) 99909-8394','Antônio Pinheiro ','Centro',32,'2018-04-11','Julie_Caroline_Martins_Silva(1996-01-31)','0000-00-00','0000-00-00','0000-00-00'),(234,'Rosiane Amaral Silva','1994-03-17',3,'','(88) 99781-4450','José Campos Torquarto','Edmilson Correia Vasconcelos',1492,'2018-04-11','Rosiane_Amaral_Silva(1994-03-17)','0000-00-00','0000-00-00','0000-00-00'),(236,'Antônia Livya da Silva','1998-06-08',3,'','(88) 99447-5744','Raimundo F. da Costa','Edmilson Correia Vasconcelos',40,'2018-04-11','Antônia_Livya_da_Silva(1998-06-08)','0000-00-00','0000-00-00','0000-00-00'),(237,'Ana Amélia Leitão','1978-09-10',3,'','(88) 99908-1841','Rua Ana Mota Almeida','Edmilson Correia Vasconcelos',32,'2018-04-11','Ana_Amélia_Leitão(1978-09-10)','0000-00-00','0000-00-00','0000-00-00'),(239,'Nizia Sousa','1978-02-15',4,'','(88) 99992-3134','Rua Ana Mota Almeida','Distrito Industrial',19,'2018-04-11','Nizia_Sousa(1978-02-15)','0000-00-00','0000-00-00','0000-00-00'),(240,'Pedro Henrique dos Santos Passos','1975-06-25',3,'','(88) 99293-2837','Rua Maria das Dores Jacinto Ferreira','José Airton Machado',63,'2018-04-11','Pedro_Henrique_dos_Santos_Passos(1975-06-25)','0000-00-00','0000-00-00','0000-00-00'),(241,'Vicente Heverson dos S. de Oliveira','1992-02-12',3,'','(88) 99469-7824','Rua Américo Militão','Edmilson Correia Vasconcelos',638,'2018-04-11','Vicente_Heverson_dos_S._de_Oliveira(1992-02-12)','0000-00-00','0000-00-00','0000-00-00'),(242,'Ana Isile Ferreira de Oliveira','2002-06-07',3,'','(88) 99357-1706','Rua Marina Menescal de Oliveira','Distrito Industrial',104,'2018-04-11','Ana_Isile_Ferreira_de_Oliveira(2002-06-07)','0000-00-00','0000-00-00','0000-00-00'),(243,'Thais Crystina Vieira Ferreira','1997-06-08',5,'','(88) 99931-8671','Rua Carlos Alberto Correia Lima','Edmilson Correia Vasconcelos',171,'2018-04-11','Thais_Crystina_Vieira_Ferreira(1997-06-08)','0000-00-00','0000-00-00','0000-00-00'),(244,'Leonardo Juca Ribeiro','1992-09-04',3,'','(88) 99607-3210','Francisco Meneas Fernandes','Pompeia',0,'2018-04-11','Leonardo_Juca_Ribeiro(1992-09-04)','0000-00-00','0000-00-00','0000-00-00'),(245,'Hugo Costa','1991-07-17',3,'','(88) 99996-3243','Aluisio Mota Saraiva','Distrito Industrial',0,'2018-04-12','Hugo_Costa(1991-07-17)','0000-00-00','0000-00-00','0000-00-00'),(246,'Alice Pimentel de Oliveira','1995-09-18',3,'','(88) 99900-2743','Antônio Conselheiro','Centro',0,'2018-04-12','Alice_Pimentel_de_Oliveira(1995-09-18)','0000-00-00','0000-00-00','0000-00-00'),(247,'Erlania Carla Lopes','1980-04-16',4,'','(88) 99643-0827','Travessa Desenbargador Américo Militão','Edmilson Correia Vasconcelos',0,'2018-04-12','Erlania_Carla_Lopes(1980-04-16)','0000-00-00','0000-00-00','0000-00-00'),(248,'Raiane Amaral Silva','1994-03-17',3,'','(88) 99781-4450','Jose campos torquato','Edmilson Correia Vasconcelos',0,'2018-04-12','Raiane_Amaral_Silva(1994-03-17)','0000-00-00','0000-00-00','0000-00-00'),(249,'Carlos Eduardo','1978-04-12',3,'','(88) 99998-5992','Idelzuite Almeida','Rodoviária',0,'2018-04-12','Carlos_Eduardo(1978-04-12)','0000-00-00','0000-00-00','0000-00-00'),(250,'Maria Taynan Freitas de Sousa ','1997-10-29',3,'','(88) 99283-5285','Av. Geraldo Bizarria de Carvalho','Edmilson Correia Vasconcelos',0,'2018-04-12','Maria_Taynan_Freitas_de_Sousa_(1997-10-29)','0000-00-00','0000-00-00','0000-00-00'),(251,'KARINE GOMES DA SILVA','1989-05-24',3,'','(88) 99233-9346','VEREADOR JOSE FRANCO','DUQUE DE CAXIAS  ',0,'2018-04-17','KARINE_GOMES_DA_SILVA(1989-05-24)','0000-00-00','0000-00-00','0000-00-00'),(252,'RAIMUNDO RIBEIRO DA SILVA','1955-03-03',4,'','(88) 99761-0017','FRANCISCO DELMIRO DE OLIVEIRA','Pompeia',8,'2018-04-17','RAIMUNDO_RIBEIRO_DA_SILVA(1955-03-03)','0000-00-00','0000-00-00','0000-00-00'),(254,'MARIA DAS GRAÇAS MARTINS','1971-02-08',3,'','(88) 99312-6750','FRANCISCO DELMIRO','SALVIANO CARLOS',170,'2018-04-17','MARIA_DAS_GRAÇAS_MARTINS(1971-02-08)','0000-00-00','0000-00-00','0000-00-00'),(255,'JANNE SEVERINO MONTEIRO SILVA','1990-03-11',3,'','(88) 99643-3370','LUIS LOURENÇO DA SILVA','Edmilson Correia Vasconcelos',29,'2018-04-17','JANNE_SEVERINO_MONTEIRO_SILVA(1990-03-11)','0000-00-00','0000-00-00','0000-00-00'),(256,'LUIS GUSTAVO DE A MESSIAS','1977-08-27',3,'','(88) 99832-4270','JOAO  CAPISTRANO SALDANHA','Edmilson Correia Vasconcelos',260,'2018-04-17','LUIS_GUSTAVO_DE_A_MESSIAS(1977-08-27)','0000-00-00','0000-00-00','0000-00-00'),(257,'BRUNA OLIVEIRA VIEIRA PINHO','1986-05-26',3,'','(88) 99994-9004','CARLOS ALBERTO CORREIA LIMA','Edmilson Correia Vasconcelos',79,'2018-04-17','BRUNA_OLIVEIRA_VIEIRA_PINHO(1986-05-26)','0000-00-00','0000-00-00','0000-00-00'),(258,'RENATA RODRIGUES ALVES','1991-09-16',3,'','(88) 98859-5276','JOSE CRISTINO DE SOUSA','Edmilson Correia Vasconcelos',137,'2018-04-17','RENATA_RODRIGUES_ALVES(1991-09-16)','0000-00-00','0000-00-00','0000-00-00'),(259,'ELISIANA FERREIRA','1979-04-20',6,'','(88) 99321-5080','MARIA MENESCAL','Edmilson Correia Vasconcelos',104,'2018-04-17','ELISIANA_FERREIRA(1979-04-20)','0000-00-00','0000-00-00','0000-00-00'),(260,'PAULO VICTOR FERREIRA PAZ','1998-03-30',3,'','(88) 99328-5310','PAULO SARASATE','MONTEIRO DE MORAIS',625,'2018-04-17','PAULO_VICTOR_FERREIRA_PAZ(1998-03-30)','0000-00-00','0000-00-00','0000-00-00'),(261,'KAREN ELEN DA SILVA LEMOS','1999-12-22',3,'','(88) 99328-5310','PAULO SARASATE','MONTEIRO DE MORAIS',625,'2018-04-17','KAREN_ELEN_DA_SILVA_LEMOS(1999-12-22)','0000-00-00','0000-00-00','0000-00-00'),(262,'DAVI HENRIQUE OLIMPIO SOUZA','2000-05-08',3,'','(88) 99794-9209','JOSE CIPRIANO','CENTRO',297,'2018-04-17','DAVI_HENRIQUE_OLIMPIO_SOUZA(2000-05-08)','0000-00-00','0000-00-00','0000-00-00'),(263,'Francisco Edvânio Ferreira da Silva','1978-08-05',3,'','(88) 99921-7623','Maria Jacinio das Dores','Edmilson Correia Vasconcelos',0,'2018-04-18','Francisco_Edvânio_Ferreira_da_Silva(1978-08-05)','0000-00-00','0000-00-00','0000-00-00'),(264,'Maria Alice Ricardo de Oliveira','1971-10-08',3,'','(88) 99984-9776','Antonio Pinheiro','Dr. José Airton Machado',0,'2018-04-18','Maria_Alice_Ricardo_de_Oliveira(1971-10-08)','0000-00-00','0000-00-00','0000-00-00'),(265,'Raissa de Sousa Rocha','1998-08-16',3,'','(88) 99854-5415','Av. Geraldo Bizarria de Carvalho','Edmilson Correia Vasconcelos',0,'2018-04-18','Raissa_de_Sousa_Rocha(1998-08-16)','0000-00-00','0000-00-00','0000-00-00'),(266,'Linny Ely da Silva Mamede','1982-09-02',3,'','(88) 99922-5806','João Capistrano Saldanho','Edmilson Correia Vasconcelos',0,'2018-04-18','Linny_Ely_da_Silva_Mamede(1982-09-02)','0000-00-00','0000-00-00','0000-00-00'),(267,'TEOFILO FELIPE SANTIAGO','1998-02-06',3,'','(88) 99692-4520','PRINCESA ISABEL','CENTRO',0,'2018-04-18','TEOFILO_FELIPE_SANTIAGO(1998-02-06)','0000-00-00','0000-00-00','0000-00-00'),(269,'Ana Neria dos Santos Nobre','1975-12-19',3,'','(88) 99902-7415','Augusto Cesar da Silva','Edmilson Correia Vasconcelos',0,'2018-04-19','Ana_Neria_dos_Santos_Nobre(1975-12-19)','0000-00-00','0000-00-00','0000-00-00'),(271,'Valeska Rodrigues','1995-05-25',3,'','(85) 99926-7224','Jorge Borges','Maravilha',0,'2018-04-19','Valeska_Rodrigues(1995-05-25)','0000-00-00','0000-00-00','0000-00-00'),(272,'Amanda Freitas de Oliveira','1992-03-11',3,'','(88) 99331-3315','Luiza Correia','Destrito Industrial ',0,'2018-04-19','Amanda_Freitas_de_Oliveira(1992-03-11)','0000-00-00','0000-00-00','0000-00-00'),(273,'Maria Priscylliana de Ferreira Arcelino Couto','1998-09-07',3,'','(88) 99913-3017','Raimundo Ferreira Costa','Industrial',0,'2018-04-19','Maria_Priscylliana_de_Ferreira_Arcelino_Couto(1998-09-07)','0000-00-00','0000-00-00','0000-00-00'),(274,'Mayara Ferreira Silva','1991-12-06',3,'','(88) 99920-9905','Pedro Teles de Meneses','DUQUE DE CAXIAS  ',0,'2018-04-19','Mayara_Ferreira_Silva(1991-12-06)','0000-00-00','0000-00-00','0000-00-00'),(275,'Danyelle Barbosa do Nascimento','1994-03-09',3,'','(88) 99630-1156','Av. Geraldo Bizarria de Carvalho','Edmilson Correia Vasconcelos',0,'2018-04-19','Danyelle_Barbosa_do_Nascimento(1994-03-09)','0000-00-00','2018-08-28','2019-05-28'),(276,'Maurício Felix da Silva','1983-11-11',3,'','(88) 99901-4403','Dr. Miguel Pinto','Centro',0,'2018-04-19','Maurício_Felix_da_Silva(1983-11-11)','0000-00-00','0000-00-00','0000-00-00'),(277,'Anna Karina de Freitas Loiola','1976-08-22',13,'','(88) 99785-8744','Ana Mota Almeida','Edmilson Correia Vasconcelos',38,'2018-04-20','Anna_Karina_de_Freitas_Loiola(1976-08-22)','0000-00-00','0000-00-00','0000-00-00'),(278,'Ana Sintique H. Rodrigues','1998-07-19',3,'','(88) 99309-3541','antonio conselheiro','centro',418,'2018-04-20','Ana_Sintique_H._Rodrigues(1998-07-19)','0000-00-00','0000-00-00','0000-00-00'),(279,'DARLENE DE SOUSA PEREIRA','1989-05-18',3,'','(88) 99455-6213','CASTELO BRANCO','MONTEIRO DE MORAIS',1,'2018-04-20','DARLENE_DE_SOUSA_PEREIRA(1989-05-18)','0000-00-00','0000-00-00','0000-00-00'),(280,'Francisca Samara M. da Silva','1995-10-23',3,'','(88) 99297-0695','Presidente Vargas','Centro',0,'2018-04-23','Francisca_Samara_M._da_Silva(1995-10-23)','0000-00-00','0000-00-00','0000-00-00'),(281,'Carlos Ronny Lima Parente ','1976-09-26',3,'','(88) 99298-4271','Rua D','Cohab',0,'2018-04-23','Carlos_Ronny_Lima_Parente_(1976-09-26)','0000-00-00','0000-00-00','0000-00-00'),(282,'Rhafael Olivira  Batista','1986-07-19',6,'','(88) 99271-2522','Luiz lourenço da Silva','Edmilson Correia Vasconcelos',1,'2018-04-23','Rhafael_Olivira__Batista(1986-07-19)','0000-00-00','0000-00-00','0000-00-00'),(283,'Gustavo Siqueira de Sousa','2001-08-29',3,'','(88) 99296-8141','Raimundo Ferreira Costa','José Airton Machado',0,'2018-04-23','Gustavo_Siqueira_de_Sousa(2001-08-29)','0000-00-00','0000-00-00','0000-00-00'),(284,'Vinicius de Marco Rodrigues Barros','2000-01-16',3,'','(88) 99810-3018','15 de Novembro','Centro',0,'2018-04-23','Vinicius_de_Marco_Rodrigues_Barros(2000-01-16)','0000-00-00','0000-00-00','0000-00-00'),(285,'Maria Hortência Morais do Nascimento','1995-04-26',3,'','(88) 99458-1744','Josefá Arruda','Maravilha',0,'2018-04-23','Maria_Hortência_Morais_do_Nascimento(1995-04-26)','0000-00-00','0000-00-00','0000-00-00'),(286,'Soleria Goes Alves Camelo ','1991-04-20',3,'','(88) 99676-5354','Ana Mota Almeida','Edmilson Correia Vasconcelos',0,'2018-04-23','Soleria_Goes_Alves_Camelo_(1991-04-20)','0000-00-00','0000-00-00','0000-00-00'),(287,'Natanna Amaral Fernandes','1989-12-17',3,'','(88) 99931-4435','Av. Geraldo Bizarria de Carvalho','Edmilson Correia Vasconcelos',0,'2018-04-23','Natanna_Amaral_Fernandes(1989-12-17)','0000-00-00','0000-00-00','0000-00-00'),(288,'Samuel Sterfeson Camelo de Almeida ','1991-05-12',10,'','(88) 99413-4138','Ana Mota Almeida','Edmilson Correia Vasconcelos',0,'2018-04-23','Samuel_Sterfeson_Camelo_de_Almeida_(1991-05-12)','0000-00-00','0000-00-00','0000-00-00'),(289,'Ray Frutuoso','1988-06-12',3,'','(88) 99437-0554','Bento Rocha Lima','Edmilson Correia Vasconcelos',0,'2018-04-23','Ray_Frutuoso(1988-06-12)','0000-00-00','0000-00-00','0000-00-00'),(290,'Maria da Conceição Filha','1963-10-18',3,'','(88) 99755-9948','Ednir Pinto','Edmilson Correia Vasconcelos',0,'2018-04-23','Maria_da_Conceição_Filha(1963-10-18)','0000-00-00','0000-00-00','0000-00-00'),(291,'Iamara Saldanha Salino','1996-09-06',3,'','(88) 99232-3184','Francisco das Chagas Rodrigues','Conjunto Esperança',0,'2018-04-23','Iamara_Saldanha_Salino(1996-09-06)','0000-00-00','0000-00-00','0000-00-00'),(292,'Renata Pereira Lima','1992-03-19',3,'','(88) 99215-6979','João Capistrano Saldanho','Edmilson Correia Vasconcelos',0,'2018-04-23','Renata_Pereira_Lima(1992-03-19)','0000-00-00','0000-00-00','0000-00-00'),(293,'Silvia Helena da Silva Nogueira','1986-02-09',3,'','(88) 99222-1623','Honorado Pinto Araújo','Edmilson Correia Vasconcelos',0,'2018-04-23','Silvia_Helena_da_Silva_Nogueira(1986-02-09)','0000-00-00','0000-00-00','0000-00-00'),(294,'ANTONIO IVANILSON M. SOUSA','2000-05-26',3,'','(88) 99602-3273','TEOFILO LESSA','Rodoviária',139,'2018-04-24','ANTONIO_IVANILSON_M._SOUSA(2000-05-26)','0000-00-00','0000-00-00','0000-00-00'),(295,'RAQUEL BARROS FERREIRA','1974-07-21',5,'','(88) 98866-7597','TEOFILO LESSA','Rodoviaria',1,'2018-04-24','RAQUEL_BARROS_FERREIRA(1974-07-21)','0000-00-00','0000-00-00','0000-00-00'),(296,'CARLOS ADRIANO DE ALMEIDA PAIVA','1975-12-20',3,'','(88) 99346-5021','ANTONIO PEREIRA DE MATOS','Edmilson Correia Vasconcelos',12,'2018-04-24','CARLOS_ADRIANO_DE_ALMEIDA_PAIVA(1975-12-20)','0000-00-00','0000-00-00','0000-00-00'),(297,'JEFFESON HOLANDA DE OLIVEIRA','1993-03-14',3,'','(85) 99853-8457','Jose campos torquato','Rodoviária',438,'2018-04-24','JEFFESON_HOLANDA_DE_OLIVEIRA(1993-03-14)','0000-00-00','0000-00-00','0000-00-00'),(298,'RAQUEL MILEO PRUDENCIO','1999-02-17',3,'','(88) 99922-1210','TEOFILO LESSA','Rodoviária',139,'2018-04-24','RAQUEL_MILEO_PRUDENCIO(1999-02-17)','0000-00-00','0000-00-00','0000-00-00'),(299,'TAYLANE BEZERRA DE SOUSA','1991-11-28',3,'','(88) 99714-4024','CASTELO BRANCO','JOSE AURELIO CAMARA',92,'2018-04-24','TAYLANE_BEZERRA_DE_SOUSA(1991-11-28)','0000-00-00','0000-00-00','0000-00-00'),(300,'Barbara Claudia Costa','2018-11-11',5,'','(88) 99711-9189','TEOFILO LESSA','Rodoviária',1,'2018-04-24','Barbara_Claudia_Costa(2018-11-11)','0000-00-00','0000-00-00','0000-00-00'),(301,'WYRNA ELLEN','1989-08-26',3,'','(88) 99811-8595','ALMIRANTE ALENCASTRO GRAÇA','VILA ELOI ',318,'2018-04-24','WYRNA_ELLEN(1989-08-26)','0000-00-00','0000-00-00','0000-00-00'),(303,'ANA PAULA F CAMARA','1977-03-04',10,'','(88) 99746-2912','DR PINTO DE MENDONÇA AP101','DUQUE DE CAXIAS  ',207,'2018-04-24','ANA_PAULA_F_CAMARA(1977-03-04)','0000-00-00','0000-00-00','0000-00-00'),(304,'LIVIA OLIVEIRA ALMEIDA','1998-04-28',3,'','(88) 99775-3782','Maria Saraiva','DR JOSE AYRTON MACHADO',136,'2018-04-24','LIVIA_OLIVEIRA_ALMEIDA(1998-04-28)','0000-00-00','0000-00-00','0000-00-00'),(305,'ANTONIO FLAVIO DE OLIVEIRA','1974-11-25',3,'','(88) 99284-2133','Maria Saraiva','ROVIARIA',136,'2018-04-24','ANTONIO_FLAVIO_DE_OLIVEIRA(1974-11-25)','0000-00-00','0000-00-00','0000-00-00'),(306,'ANTONIA CRISTINA DE OLIVEIRA','1974-05-14',3,'','(88) 99284-2133','Maria Saraiva','RODAVIARIA',136,'2018-04-24','ANTONIA_CRISTINA_DE_OLIVEIRA(1974-05-14)','0000-00-00','0000-00-00','0000-00-00'),(307,'Maria kaline bernardo da silva','1990-05-29',3,'','(88) 99215-5967','Sebastão Ferreira','Maravilha',232,'2018-04-25','Maria_kaline_bernardo_da_silva(1990-05-29)','0000-00-00','0000-00-00','0000-00-00'),(308,'Antonio Gerbson da Silva','1990-09-27',3,'','(88) 99665-8688','IDELZUITE DE ALMEIDA','Rodoviária',75,'2018-04-25','Antonio_Gerbson_da_Silva(1990-09-27)','0000-00-00','0000-00-00','0000-00-00'),(309,'ADRIANA COUTO WEBBELING','1989-09-26',4,'','(88) 99976-8631','EDMUNDO BASTIÃO DE ALMEIDA','CENTRO',25,'2018-04-25','ADRIANA_COUTO_WEBBELING(1989-09-26)','0000-00-00','0000-00-00','0000-00-00'),(310,'SILVIO SANTOS DE ARAUJO','1982-05-12',3,'','(88) 99211-1498','PRINCESA ISABEL','Centro',1,'2018-04-25','SILVIO_SANTOS_DE_ARAUJO(1982-05-12)','0000-00-00','0000-00-00','0000-00-00'),(311,'RAYANNE CLAUDIA .A.DA COSTA','1995-10-20',3,'','(88) 99968-5053','CORONEL TEOFILO LESSA','Rodoviária',139,'2018-04-25','RAYANNE_CLAUDIA_.A.DA_COSTA(1995-10-20)','0000-00-00','0000-00-00','0000-00-00'),(312,'ANA GABRIELLY SILVA FERNANDES','2018-05-14',4,'','(88) 99476-6647','GREGORIO VERIDIANO','Rodoviária',83,'2018-04-25','ANA_GABRIELLY_SILVA_FERNANDES(2018-05-14)','0000-00-00','0000-00-00','0000-00-00'),(313,'ANA CLAUDIA SILVA FERNANDES','1970-04-10',4,'','(88) 99237-2142','GREGORIO VERIDIANO','JOSE AIRTON MACHADO',83,'2018-04-25','ANA_CLAUDIA_SILVA_FERNANDES(1970-04-10)','0000-00-00','0000-00-00','0000-00-00'),(314,'Luiz Mario Batista Pinheiro Gomes','1992-02-20',3,'luizpborges@hotmail.com','(85) 99624-0018','Rua Dr. Anizio Mendes, Altos','Centro',61,'2018-04-30','Luiz_Mario_Batista_Pinheiro_Gomes(1992-02-20)','0000-00-00','0000-00-00','0000-00-00'),(315,'Tricia Kathryn da Silva Ferreira','1988-12-20',4,'','(88) 99713-9314','Rua Dr. Gaspar','Centro',147,'2018-05-02','Tricia_Kathryn_da_Silva_Ferreira(1988-12-20)','0000-00-00','0000-00-00','0000-00-00'),(316,'Jose de Sousa Filho','1985-04-10',3,'','(88) 99456-3521','Lino Machado','Edmilson Correia Vasconcelos',1,'2018-05-03','Jose_de_Sousa_Filho(1985-04-10)','0000-00-00','0000-00-00','0000-00-00'),(317,'Antônio Fabiano de B. Catão','1979-04-07',3,'','(88) 99243-1958','Travessa José Campos Torquato','Rodoviária',79,'2018-05-03','Antônio_Fabiano_de_B._Catão(1979-04-07)','0000-00-00','0000-00-00','0000-00-00'),(318,'Ana Géssica Silva  Jacinto','1990-09-22',3,'','(88) 99467-1247','José Apolônio da Silva','Alto da Colina',0,'2018-05-03','Ana_Géssica_Silva__Jacinto(1990-09-22)','0000-00-00','0000-00-00','0000-00-00'),(319,'Tiago Almeida Castro','1988-09-12',3,'','(88) 99453-0388','Travessa Tarsiane Viana ','Edmilson Correia Vasconcelos',0,'2018-05-03','Tiago_Almeida_Castro(1988-09-12)','0000-00-00','0000-00-00','0000-00-00'),(320,'Deyse Emanuela da Silva ','1987-09-06',9,'','(88) 99284-3734','João Capistrano Saldanha','José Airton Machado',220,'2018-05-03','Deyse_Emanuela_da_Silva_(1987-09-06)','0000-00-00','0000-00-00','0000-00-00'),(321,'Kilvia Nunes da Silva','1992-05-21',3,'','(88) 99971-0238','Bento Rocha Lima','Edmilson Correia Vasconcelos',0,'2018-05-03','Kilvia_Nunes_da_Silva(1992-05-21)','0000-00-00','0000-00-00','0000-00-00'),(322,'Ana Patrícia','1987-12-14',3,'','(88) 99304-7741','Travessa José Campos Torquato','Rodoviária',0,'2018-05-03','Ana_Patrícia(1987-12-14)','0000-00-00','0000-00-00','0000-00-00'),(323,'Luis Saldanha Zidrão','2001-03-25',3,'','(88) 99928-9876','VEREADOR JOSE FRANCO','Pedro Teles',0,'2018-05-03','Luis_Saldanha_Zidrão(2001-03-25)','0000-00-00','0000-00-00','0000-00-00'),(324,'Yhago C. Freitas','1994-08-30',3,'','(88) 99266-2454','Harding Paulo Júnior','Vila São Paulo',0,'2018-05-03','Yhago_C._Freitas(1994-08-30)','0000-00-00','0000-00-00','0000-00-00'),(325,'Jordana Rodrigues Amancio','1991-09-28',3,'','(88) 99253-4066','Travessa Américo Militão','Edmilson Correia Vasconcelos',0,'2018-05-03','Jordana_Rodrigues_Amancio(1991-09-28)','0000-00-00','0000-00-00','0000-00-00'),(326,'Natalina Duarte','1992-03-07',3,'','(88) 99972-2328','Paulo Mauricio da Silva','Edmilson Correia Vasconcelos',0,'2018-05-03','Natalina_Duarte(1992-03-07)','0000-00-00','0000-00-00','0000-00-00'),(327,'Larissa de Oliveira Pinheiro','2000-11-14',3,'','(88) 99243-9384','José Quintino Severo Filho','Edmilson Correia Vasconcelos',0,'2018-05-03','Larissa_de_Oliveira_Pinheiro(2000-11-14)','0000-00-00','0000-00-00','0000-00-00'),(328,'Hequerina Santiago','1976-11-03',3,'','(88) 99807-0668','GREGORIO VERIDIANO','Rodoviária',0,'2018-05-03','Hequerina_Santiago(1976-11-03)','0000-00-00','0000-00-00','0000-00-00'),(329,'Rejane Nunes de Castro','1995-09-09',4,'','(88) 99637-9141','Maria das Dores  Jacinto','Edmilson Correia Vasconcelos',0,'2018-05-03','Rejane_Nunes_de_Castro(1995-09-09)','0000-00-00','0000-00-00','0000-00-00'),(330,'Joice Torres','1984-08-28',3,'','(85) 99672-8605','Dias Ferreira','Centro',0,'2018-05-03','Joice_Torres(1984-08-28)','0000-00-00','0000-00-00','0000-00-00'),(331,'Geusa Maria Carlos Martins','1965-11-05',3,'','(88) 99281-6172','Alamida das Violetas','Distrito Industrial',0,'2018-05-03','Geusa_Maria_Carlos_Martins(1965-11-05)','0000-00-00','0000-00-00','0000-00-00'),(332,'Jose Welligton Martins junior','1998-10-10',3,'','(88) 99263-3405','Nossa Senhora das Graças','Salviano Carlos',1,'2018-05-03','Jose_Welligton_Martins_junior(1998-10-10)','0000-00-00','0000-00-00','0000-00-00'),(333,'Nicolas Lourenço da Costa','1999-04-03',3,'','(88) 99626-4488','Nossa Senhora das Graças','Salviano Carlos',0,'2018-05-03','Nicolas_Lourenço_da_Costa(1999-04-03)','0000-00-00','0000-00-00','0000-00-00'),(334,'Bruno da Silva Mendora','0000-00-00',3,'','(88) 99321-1644','Vereador Edmilson Patrício','Pompeia',1309,'2018-05-09','Bruno_da_Silva_Mendora(240696)','0000-00-00','0000-00-00','0000-00-00'),(335,'Fabiana Araújo de Oliveira','0000-00-00',3,'','(88) 99943-4114','Avenida Geraldo Bizarria de Carvalho','Edmilson Correia Vasconcelos',0,'2018-05-09','Fabiana_Araújo_de_Oliveira(17081991)','0000-00-00','0000-00-00','0000-00-00'),(336,'Amanda Silva de Araújo','0000-00-00',3,'','(88) 99662-2523','Margarida Felix de Araújo','Edmilson Correia Vasconcelos',0,'2018-05-09','Amanda_Silva_de_Araújo(16121992)','0000-00-00','0000-00-00','0000-00-00'),(337,'Karla Victória Oliveira Moura','0000-00-00',3,'','(88) 99833-2992','Idelzuite Almeida','José Airton Machado',0,'2018-05-09','Karla_Victória_Oliveira_Moura(29011998)','0000-00-00','0000-00-00','0000-00-00'),(338,'Natália Duarte de Lima','0000-00-00',3,'','(88) 99912-9464','Paulo Maurício da Silva','Edmilson Correia Vasconcelos',0,'2018-05-09','Natália_Duarte_de_Lima(14081989)','0000-00-00','0000-00-00','0000-00-00'),(339,'Railson de Araújo Silva','2001-12-05',5,'','(88) 99200-2242','adojo nogueira','Conjunto Esperança',45,'2018-05-09','Railson_de_Araújo_Silva(2001-12-05)','0000-00-00','0000-00-00','0000-00-00'),(340,'Idelzuite Almeida de Oliveira','0000-00-00',3,'','(88) 98838-1405','Ramiro Barbosa','Maravilha',241,'2018-05-09','Idelzuite_Almeida_de_Oliveira(01101979)','0000-00-00','0000-00-00','0000-00-00'),(341,'Luis Alberto Gomes da Cruz','1972-10-11',4,'','(88) 99922-9777','Américo Militão','Edmilson Correia Vasconcelos',0,'2018-05-09','Luis_Alberto_Gomes_da_Cruz(1972-10-11)','0000-00-00','0000-00-00','0000-00-00'),(342,'Maciela Aline T. de Sousa','0000-00-00',3,'','(88) 99949-1675','Veriador Edmilson Patrício ','Salviano Carlos ',0,'2018-05-09','Maciela_Aline_T._de_Sousa(23021989)','0000-00-00','0000-00-00','0000-00-00'),(343,'Marcelo de Lima Sousa','0000-00-00',3,'','(88) 99789-4142','Avenida Geraldo Bizarria de Carvalho','Edmilson Correia Vasconcelos',0,'2018-05-10','Marcelo_de_Lima_Sousa(30111995)','0000-00-00','0000-00-00','0000-00-00'),(344,'Marta Gomes Oliveira','1991-11-30',3,'','(88) 99696-9404','Bougeval Leão','Centro',0,'2018-05-10','Marta_Gomes_Oliveira(1991-11-30)','0000-00-00','0000-00-00','0000-00-00'),(345,'Antônio Edson Barros','0000-00-00',3,'','(88) 99786-5005','Bougeval Leão','Centro',0,'2018-05-10','Antônio_Edson_Barros(11111-11-11)','0000-00-00','0000-00-00','0000-00-00'),(346,'Rubia Valeria Ferreira Leal','1975-05-11',4,'','(85) 99747-9638','Rua José Campos Torquarto','Rodoviária',469,'2018-05-11','Rubia_Valeria_Ferreira_Leal(1975-05-11)','0000-00-00','0000-00-00','0000-00-00'),(347,'Paula Eveline de Araujo','1989-03-17',3,'','(88) 99994-9038','Rua Tarciane Viene','Industrial',242,'2018-05-11','Paula_Eveline_de_Araujo(1989-03-17)','0000-00-00','0000-00-00','0000-00-00'),(348,'Erick Johnson Liberato de Sousa Rodrigues','1998-04-05',3,'','(88) 99317-1174','Jose Marcos Filho','Monteiro de Morais',345,'2018-05-14','Erick_Johnson_Liberato_de_Sousa_Rodrigues(1998-04-05)','0000-00-00','0000-00-00','0000-00-00'),(349,'Rivando Conrado','1967-01-27',3,'RivandoConrado@Gmail.com','(88) 99653-8312','Desembardor Americo Militao','Edmilson Correia Vasconcelos',1340,'2018-05-14','Rivando_Conrado(1967-01-27)','0000-00-00','0000-00-00','0000-00-00'),(350,'Vanderlene Rodrigues de Almeida','1969-02-24',3,'','(88) 99978-4683','Desembardor Americo Militao','Edmilson Correia Vasconcelos',1340,'2018-05-14','Vanderlene_Rodrigues_de_Almeida(1969-02-24)','0000-00-00','0000-00-00','0000-00-00'),(351,'David Nogueira Viana','1993-12-20',3,'','(88) 99729-7327','Rua João Martins','Maravilha',133,'2018-05-14','David_Nogueira_Viana(1993-12-20)','0000-00-00','0000-00-00','0000-00-00'),(353,'Francisco Irineu Gonçalves','1988-11-24',6,'','(88) 99214-0988','Francisco de Assis Crisostomo','Conjunto Esperança',19,'2018-05-14','Francisco_Irineu_Gonçalves(1988-11-24)','0000-00-00','0000-00-00','0000-00-00'),(354,'Antonio Diego Pereira de M.','1988-11-01',4,'','(88) 99619-4969','Travessa Bento Rocha Lima','Edmilson Correia Vasconcelos',143,'2018-05-14','Antonio_Diego_Pereira_de_M.(1988-11-01)','0000-00-00','0000-00-00','0000-00-00'),(355,'Leonardo Lemos de Farias','1991-03-06',7,'','(88) 99641-0657','Capitão','Emilson Correia',34,'2018-05-14','Leonardo_Lemos_de_Farias(1991-03-06)','0000-00-00','0000-00-00','0000-00-00'),(356,'Samira Santos Menezes','1986-02-13',4,'','(88) 99215-7245','Rua Ednir Pinto Ferreira','Edmilson Correia Vasconcelos',43,'2018-05-14','Samira_Santos_Menezes(1986-02-13)','0000-00-00','0000-00-00','0000-00-00'),(357,'Romulo Cesar de Sousa SIlva','1986-04-22',7,'','(88) 99804-0230','Rua José Antenor de SOusa','Edmilson Correia Vasconcelos',48,'2018-05-14','Romulo_Cesar_de_Sousa_SIlva(1986-04-22)','0000-00-00','0000-00-00','0000-00-00'),(359,'Iara Gleyce Teixeira Leal','1987-08-20',3,'','(88) 99682-1757','José Apolônio da Silva','Salviano Carlos',47,'2018-05-14','Iara_Gleyce_Teixeira_Leal(1987-08-20)','0000-00-00','2018-08-28','2019-05-28'),(360,'Gilberto Gil Da Silva Ferreira','1975-01-31',3,'','(88) 99810-3101','Rua Antônio Pinheiro','Centro',34,'2018-05-14','Gilberto_Gil_Da_Silva_Ferreira(1975-01-31)','0000-00-00','0000-00-00','0000-00-00'),(361,'Francisco Vandineles Dede Fernandes','1982-03-02',3,'','(88) 99498-8501','Rua Euclides Vica','Monteiro de Morais',195,'2018-05-14','Francisco_Vandineles_Dede_Fernandes(1982-03-02)','0000-00-00','0000-00-00','0000-00-00'),(362,'Tabita Ferreira Franco','2001-02-05',4,'','(88) 99628-9725','Rua José Gomes Coutinho','Pedro Teles',47,'2018-05-14','Tabita_Ferreira_Franco(2001-02-05)','0000-00-00','0000-00-00','0000-00-00'),(363,'Hedyo Marcel Campelo Alves','2000-04-28',3,'','(88) 99244-3401','José Weldon de Oliveira','Industrial',41,'2018-05-14','Hedyo_Marcel_Campelo_Alves(2000-04-28)','0000-00-00','0000-00-00','0000-00-00'),(364,'Valdzar Saldanha Fontenele Neto','1966-01-21',4,'','(88) 99992-3134','Rua Ana Mota Almeida','Industrial',19,'2018-05-14','Valdzar_Saldanha_Fontenele_Neto(1966-01-21)','0000-00-00','0000-00-00','0000-00-00'),(365,'Marcelo de Oliveira Almeida','1991-10-24',3,'','(88) 99645-4816','Rua Vereador Edmilson Patricio','Pompeia',32,'2018-05-14','Marcelo_de_Oliveira_Almeida(1991-10-24)','0000-00-00','0000-00-00','0000-00-00'),(366,'Maria Ana Neri dos Santos Nobre','1975-12-19',3,'','(85) 99902-7495','Rua Augusto Cesar da Silva','Edmilson Correia Vasconcelos',175,'2018-05-14','Maria_Ana_Neri_dos_Santos_Nobre(1975-12-19)','0000-00-00','0000-00-00','0000-00-00'),(368,'Erica Moreira de Araújo','1998-04-12',3,'','(88) 99337-1292','Teofilo Lessa','Rodoviária',123,'2018-05-14','Erica_Moreira_de_Araújo(1998-04-12)','0000-00-00','0000-00-00','0000-00-00'),(369,'Natalia Duarte de Lima','1986-08-14',3,'','(88) 99912-9464','Rua Paulo Maurício de Sousa','Edmilson Correia Vasconcelos',102,'2018-05-14','Natalia_Duarte_de_Lima(1986-08-14)','0000-00-00','0000-00-00','0000-00-00'),(370,'Ianiele Barbosa Lima','1998-07-10',3,'','(88) 99755-9989','Seikit Igue','Edmilson Correia Vasconcelos',27,'2018-05-14','Ianiele_Barbosa_Lima(1998-07-10)','0000-00-00','0000-00-00','0000-00-00'),(371,'José Aldir Oliveira da Silva','1986-05-08',3,'','(85) 99953-4545','Rua Afonso Ricardo','Rodoviária',15,'2018-05-14','José_Aldir_Oliveira_da_Silva(1986-05-08)','0000-00-00','0000-00-00','0000-00-00'),(372,'Viviane Vieira','1983-08-26',4,'','(88) 99767-0472','Rua Francisco Medeiro','Salviano Carlos',4,'2018-05-14','Viviane_Vieira(1983-08-26)','0000-00-00','0000-00-00','0000-00-00'),(373,'Emanuela da Silva Pereira','1996-10-03',3,'','(88) 99356-9666','Rua Cornelio Fernandes','Pompeia',87,'2018-05-14','Emanuela_da_Silva_Pereira(1996-10-03)','0000-00-00','2018-08-28','2019-05-28'),(374,'Pedro Jose Leal ','2002-05-07',4,'pedrlealdms@gmail.com','(85) 99631-2193','jose campos torquatos','Rodoviária',469,'2018-05-15','Pedro_Jose_Leal_(2002-05-07)','0000-00-00','0000-00-00','0000-00-00'),(375,'Antonia Gomes da Cruz','1958-07-01',3,'','(88) 99954-0992','Desembardor Americo Militao','Edmilson Correia Vasconcelos',1315,'2018-05-15','Antonia_Gomes_da_Cruz(1958-07-01)','0000-00-00','0000-00-00','0000-00-00'),(376,'Cicera Pereira Silva','1974-07-03',4,'','(88) 99714-5010','Desembardor Americo Militao','Edmilson Correia Vasconcelos',1315,'2018-05-15','Cicera_Pereira_Silva(1974-07-03)','0000-00-00','0000-00-00','0000-00-00'),(377,'Camila Almeida Maciel','1993-01-15',4,'','(85) 99252-1559','Rua Francisco Medeiro','Salviano Carlos',98,'2018-05-15','Camila_Almeida_Maciel(1993-01-15)','0000-00-00','0000-00-00','0000-00-00'),(378,'Maria Cristiane Gonçalves Lopes ','1990-06-14',3,'','(88) 99995-8052','maria zilda costa','Edmilson Correia Vasconcelos',67,'2018-05-15','Maria_Cristiane_Gonçalves_Lopes_(1990-06-14)','0000-00-00','0000-00-00','0000-00-00'),(379,'Francisca Janiele Ferreira Lima','1993-05-08',3,'','(88) 98142-8800','José Apolônio da Silva','Salviano Carlos',243,'2018-05-15','Francisca_Janiele_Ferreira_Lima(1993-05-08)','0000-00-00','0000-00-00','0000-00-00'),(380,'Raquel Cardoso de Castro ','1193-05-22',3,'','(88) 99421-9540','Joge Borges','Maravilha',247,'2018-05-15','Raquel_Cardoso_de_Castro_(1193-05-22)','0000-00-00','0000-00-00','0000-00-00'),(381,'Francisca de Fatima Silva','1985-09-02',3,'','(88) 99279-0162','Jorge Borges','Maravilha',270,'2018-05-15','Francisca_de_Fatima_Silva(1985-09-02)','0000-00-00','0000-00-00','0000-00-00'),(382,'Anna Karen de O.Santos','2002-02-01',3,'','(88) 99918-4203','Maria Saraiva','Rodoviária',36,'2018-05-15','Anna_Karen_de_O.Santos(2002-02-01)','0000-00-00','0000-00-00','0000-00-00'),(383,'Maria Josiana Sousa do Nascimento','1991-12-06',6,'','(88) 99471-7390','Liberato de Freitas','Conjunto Esperança',400,'2018-05-15','Maria_Josiana_Sousa_do_Nascimento(1991-12-06)','0000-00-00','0000-00-00','0000-00-00'),(384,'PATRIK MARTINS DE SOUSA','1990-09-02',5,'','(88) 99494-0948','Teofilo Lessa','Monteiro de Morais',1,'2018-05-15','PATRIK_MARTINS_DE_SOUSA(1990-09-02)','0000-00-00','0000-00-00','0000-00-00'),(385,'DAYANNE PEREIRA DO NASCIMENTO','1991-07-01',3,'','(88) 99351-1955','ROBERTO CARNEIRO','Rodoviária',70,'2018-05-15','DAYANNE_PEREIRA_DO_NASCIMENTO(1991-07-01)','0000-00-00','0000-00-00','0000-00-00'),(386,'keila Araujo do Carmo','1984-02-19',3,'','(88) 99264-5111','luisa correia','Edmilson Correia Vasconcelos',0,'2018-05-16','keila_Araujo_do_Carmo(1984-02-19)','0000-00-00','0000-00-00','0000-00-00'),(387,'Joao Vicitor Dede de Castro','1993-09-23',3,'','(88) 99223-6403','Presidente Vargas','Jose Aurelio Camara',48,'2018-05-16','Joao_Vicitor_Dede_de_Castro(1993-09-23)','0000-00-00','0000-00-00','0000-00-00'),(388,'Mara Rayane Tavares Fontes','1994-04-26',3,'','(88) 99484-6091','Antonio Benicio','Monteiro e Morais',67,'2018-05-16','Mara_Rayane_Tavares_Fontes(1994-04-26)','0000-00-00','0000-00-00','0000-00-00'),(389,'Francisco Valdecio da S Castro','1988-01-04',4,'','(88) 99438-5820','Francisco Pereira de Araujo','Edmilson Correia Vasconcelos',19,'2018-05-16','Francisco_Valdecio_da_S_Castro(1988-01-04)','0000-00-00','0000-00-00','0000-00-00'),(390,'Fabia Gizelia De Brito G','1975-10-19',4,'','(88) 99900-0673','Francisco Perira de Araujo','Edmilson Correia Vasconcelos',19,'2018-05-16','Fabia_Gizelia_De_Brito_G(1975-10-19)','0000-00-00','0000-00-00','0000-00-00'),(391,'Francisca Luciana Feitosa','1974-10-07',3,'','(88) 99231-1378','Margarida Felix de Araújo','Edmilson Correia Vasconcelos',52,'2018-05-16','Francisca_Luciana_Feitosa(1974-10-07)','0000-00-00','0000-00-00','0000-00-00'),(392,'Isabela Cristina S Teixera','1993-05-26',3,'','(88) 99871-7829','Joao Capistrano Saldanha','Edmilson Correia Vasconcelos',236,'2018-05-16','Isabela_Cristina_S_Teixera(1993-05-26)','0000-00-00','0000-00-00','0000-00-00'),(393,'Milena Medeiros De Souza','1999-09-15',3,'','(88) 99246-6722','Antonio Saraiva','Monteiro e Morais',130,'2018-05-16','Milena_Medeiros_De_Souza(1999-09-15)','0000-00-00','0000-00-00','0000-00-00'),(394,'Andre Luiz de Oliveira da Silva','1997-12-18',3,'','(88) 99215-6043','Rua Euclides Vica','Jose Aurelio Camara',25,'2018-05-16','Andre_Luiz_de_Oliveira_da_Silva(1997-12-18)','0000-00-00','0000-00-00','0000-00-00'),(395,'Rodrigo De Lima Rodrigues','1999-07-02',3,'','(88) 99218-1869','Manoel Rocha Lima','Edmilson Correia Vasconcelos',100,'2018-05-16','Rodrigo_De_Lima_Rodrigues(1999-07-02)','0000-00-00','0000-00-00','0000-00-00'),(396,'Kawanne de S Saldanha','1992-12-09',4,'','(88) 99201-1797','Honorato Pinto De Araujo','Edmilson Correia Vasconcelos',24,'2018-05-16','Kawanne_de_S_Saldanha(1992-12-09)','0000-00-00','0000-00-00','0000-00-00'),(397,'Francisco Lucas Cavalcante de S','1995-10-04',3,'','(88) 99838-3412','ROBERTO CARNEIRO','Edmilson Correia Vasconcelos',53,'2018-05-16','Francisco_Lucas_Cavalcante_de_S(1995-10-04)','0000-00-00','0000-00-00','0000-00-00'),(398,'Jussara Roddrigues Araujo','1995-06-14',3,'','(88) 99774-2526','luisa correia','Edmilson Correia Vasconcelos',34,'2018-05-16','Jussara_Roddrigues_Araujo(1995-06-14)','0000-00-00','0000-00-00','0000-00-00'),(399,'Pamela Fernandes Ferreira','2000-02-11',3,'','(88) 98876-9549','Gregorio Veridiano','Rodoviária',58,'2018-05-16','Pamela_Fernandes_Ferreira(2000-02-11)','0000-00-00','0000-00-00','0000-00-00'),(400,'Jose Maria Holanda Nogueiro','1969-06-21',4,'','(88) 99348-6687','Bougeval Leão','Centro',888,'2018-05-16','Jose_Maria_Holanda_Nogueiro(1969-06-21)','0000-00-00','0000-00-00','0000-00-00'),(401,'Edipo Rodrigues da Silva','1988-01-18',3,'','(88) 99477-1562','Antonio Zuza','Deposito',272,'2018-05-16','Edipo_Rodrigues_da_Silva(1988-01-18)','0000-00-00','0000-00-00','0000-00-00'),(402,'Edio Igor Oliveira Marreiro','1994-10-17',3,'','(88) 99626-1263','Rua Vereador Edmilson Patricio','Salviano Carlos',533,'2018-05-16','Edio_Igor_Oliveira_Marreiro(1994-10-17)','0000-00-00','0000-00-00','0000-00-00'),(403,'Daniel Alexandre T Mourao','1975-08-10',3,'','(88) 98842-4782','Maria do Carmo Da Rocha','Edmilson Correia Vasconcelos',135,'2018-05-16','Daniel_Alexandre_T_Mourao(1975-08-10)','0000-00-00','0000-00-00','0000-00-00'),(404,'Paulo Vinicios T Paulino','3003-03-20',3,'','(88) 99416-3352','Francisco Genesio Fernandes','Salviano Carlos',11,'2018-05-16','Paulo_Vinicios_T_Paulino(3003-03-20)','0000-00-00','0000-00-00','0000-00-00'),(405,'Antonio Josue Pereira Martins ','1995-10-19',3,'','(88) 99313-1200','Rua Tarciane Viene','Edmilson Correia Vasconcelos',1,'2018-05-16','Antonio_Josue_Pereira_Martins_(1995-10-19)','0000-00-00','0000-00-00','0000-00-00'),(406,'Francisco Angelo Barbosa Felicio','1992-09-15',4,'','(88) 99440-7306','Honorato Pinto De Araujo','Edmilson Correia Vasconcelos',24,'2018-05-16','Francisco_Angelo_Barbosa_Felicio(1992-09-15)','0000-00-00','0000-00-00','0000-00-00'),(407,'Mabel de Alburquerque','1982-12-17',4,'','(88) 99108-1842','Luiz Augusto Nascimento','Edmilson Correia Vasconcelos',157,'2018-05-16','Mabel_de_Alburquerque(1982-12-17)','0000-00-00','0000-00-00','0000-00-00'),(408,'Rudney Leal de Vassconcelos','1995-01-18',3,'','(88) 99335-5182','25 de março','Monteiro de Morais',363,'2018-05-16','Rudney_Leal_de_Vassconcelos(1995-01-18)','0000-00-00','0000-00-00','0000-00-00'),(409,'Hugo Patricio de Freitas','2000-12-20',5,'','(88) 99339-5916','Eneida Maria Senna Ribeiro','Pompeia',84,'2018-05-16','Hugo_Patricio_de_Freitas(2000-12-20)','0000-00-00','0000-00-00','0000-00-00'),(410,'John Aleef L de Sousa','1995-12-16',5,'','(88) 99935-3214','Bejamin Barroso','Jose Aurelio Camara',31,'2018-05-16','John_Aleef_L_de_Sousa(1995-12-16)','0000-00-00','0000-00-00','0000-00-00'),(411,'Livia Hilario de sousa Nunes','2002-11-07',5,'','(88) 99711-4132','Rua Cornelio Fernandes','Jose Aurelio Camara',147,'2018-05-16','Livia_Hilario_de_sousa_Nunes(2002-11-07)','0000-00-00','0000-00-00','0000-00-00'),(412,'Larah Virginia Pedrosa Lima Cruz','2002-04-15',5,'','(88) 99298-8108','Jose Cipriano','Centro',1,'2018-05-16','Larah_Virginia_Pedrosa_Lima_Cruz(2002-04-15)','0000-00-00','0000-00-00','0000-00-00'),(413,'Daiana Barbosa Lima','1986-10-03',9,'','(88) 99664-7695','jose Nobre de Oliveira','José Airton Machado',76,'2018-05-16','Daiana_Barbosa_Lima(1986-10-03)','0000-00-00','0000-00-00','0000-00-00'),(414,'Daina Barbosa Lima','1986-10-03',3,'','(88) 99664-7695','José Nobre de Oliveira','José Airton Machado',76,'2018-05-16','Daina_Barbosa_Lima(1986-10-03)','0000-00-00','0000-00-00','0000-00-00'),(415,'Emanuelle Maria Cavalcante Sousa','1993-03-20',3,'','(88) 98816-7532','Valter Simão Abu Marrul','Edmilson Correia Vasconcelos',0,'2018-05-16','Emanuelle_Maria_Cavalcante_Sousa(1993-03-20)','0000-00-00','0000-00-00','0000-00-00'),(416,'Giselly Ferreira de Almeida','1994-11-22',3,'','(88) 99902-3862','Dom Hélio Campos','Monteiro de Morais',46,'2018-05-16','Giselly_Ferreira_de_Almeida(1994-11-22)','0000-00-00','0000-00-00','0000-00-00'),(417,'Nayara Cristina de Freitas Cavalcante','1993-02-06',3,'','(88) 99988-3371','Maria das Dores Jacinto Almeida','Edmilson Correia Vasconcelos',63,'2018-05-16','Nayara_Cristina_de_Freitas_Cavalcante(1993-02-06)','0000-00-00','0000-00-00','0000-00-00'),(418,'Vaniele Maciel Silva','1994-02-21',3,'','(85) 98764-7318','Maria das Dores Jacinto Ferreira','Edmilson Correia Vasconcelos',63,'2018-05-16','Vaniele_Maciel_Silva(1994-02-21)','0000-00-00','0000-00-00','0000-00-00'),(419,'João Victor Dede de Castro','1993-09-23',3,'','(88) 99223-6403','Presidente Vargas','Jose Aurelio Camara',48,'2018-05-16','João_Victor_Dede_de_Castro(1993-09-23)','0000-00-00','0000-00-00','0000-00-00'),(420,'Neudyanne de Almeida Ferreira ','1986-08-17',3,'','(88) 99900-3888','Rafael Pordeus','Duque de Caxias',4693,'2018-05-16','Neudyanne_de_Almeida_Ferreira_(1986-08-17)','0000-00-00','0000-00-00','0000-00-00'),(421,'Antônia Joselita Tavares','1980-12-02',4,'','(88) 99224-5683','Rua Francisco Medeiro','Pompeia',0,'2018-05-16','Antônia_Joselita_Tavares(1980-12-02)','0000-00-00','0000-00-00','0000-00-00'),(422,'Thauanne Lopes de Sousa','2002-01-27',3,'','(88) 98117-3984','Avenida Geraldo Bizarria de Carvalho','Edmilson Correia Vasconcelos',0,'2018-05-16','Thauanne_Lopes_de_Sousa(2002-01-27)','0000-00-00','0000-00-00','0000-00-00'),(423,'Expedito Oliveira Vasconcelos de Lima','2002-03-04',3,'','(88) 99965-2643','Lana Paiva','Edmilson Correia Vasconcelos',128,'2018-05-16','Expedito_Oliveira_Vasconcelos_de_Lima(2002-03-04)','0000-00-00','0000-00-00','0000-00-00'),(424,'Lucas Sousa Fontenele','2001-07-22',3,'','(88) 99992-3134','Rua Ana Mota Almeida','Industrial',0,'2018-05-16','Lucas_Sousa_Fontenele(2001-07-22)','0000-00-00','0000-00-00','0000-00-00'),(425,'Ilana Chaves Feijão','1994-03-18',4,'','(88) 99220-5661','Desembardor Americo Militão','Rodoviária',895,'2018-05-16','Ilana_Chaves_Feijão(1994-03-18)','0000-00-00','0000-00-00','0000-00-00'),(426,'Edinete Maria da Silva Amaral','1987-08-09',3,'','(88) 99635-0026','Francisco Ferreira Lima','Monteiro de Morais',34,'2018-05-16','Edinete_Maria_da_Silva_Amaral(1987-08-09)','0000-00-00','0000-00-00','0000-00-00'),(427,'Andreia de Castro de Sousa','1889-03-31',3,'','(88) 99300-2782','Euclides Vicar','Monteiro de Morais',240,'2018-05-16','Andreia_de_Castro_de_Sousa(1889-03-31)','0000-00-00','0000-00-00','0000-00-00'),(428,'Andreza Indrid Alves','2001-01-14',3,'','(88) 99601-4495','Avenida Geraldo Bizarria de Carvalho','Edmilson Correia Vasconcelos',142,'2018-05-16','Andreza_Indrid_Alves(2001-01-14)','0000-00-00','0000-00-00','0000-00-00'),(429,'Byanka Maria Fiusa Nogueira','2001-01-20',4,'','(88) 99303-5702','Bougival Leão','Centro',888,'2018-05-16','Byanka_Maria_Fiusa_Nogueira(2001-01-20)','0000-00-00','0000-00-00','0000-00-00'),(430,'Cristiana Maciel da Costa','1985-11-29',3,'','(88) 99402-6104','Olho Dágua do forno','Zona Rural',0,'2018-05-16','Cristiana_Maciel_da_Costa(1985-11-29)','0000-00-00','0000-00-00','0000-00-00'),(431,'Pedro Wenniton Pereira Enoque da Silva','2000-03-01',3,'','(88) 99300-0405','José Nobre de Oliveira','Industrial',0,'2018-05-16','Pedro_Wenniton_Pereira_Enoque_da_Silva(2000-03-01)','0000-00-00','0000-00-00','0000-00-00'),(432,'Vladimir Marques Fernandes','1997-03-12',3,'','(88) 99303-1942','rua B','Pompeia',36,'2018-05-17','Vladimir_Marques_Fernandes(1997-03-12)','0000-00-00','0000-00-00','0000-00-00'),(433,'David Pereira de Lima','1981-03-30',3,'','(88) 99909-7122','Lino Nobre Camara','Edmilson Correia Vasconcelos',121,'2018-05-17','David_Pereira_de_Lima(1981-03-30)','0000-00-00','0000-00-00','0000-00-00'),(434,'Ana Patricia Fernandes Farias','1987-12-14',3,'','(88) 99304-7741','Gregorio Veridiano','Rodoviária',16,'2018-05-17','Ana_Patricia_Fernandes_Farias(1987-12-14)','0000-00-00','0000-00-00','0000-00-00'),(435,'Willian Ferreira Araújo','1989-08-14',3,'','(85) 99747-9638','Rua José Campos Torquarto','José Airton Machado',0,'2018-05-17','Willian_Ferreira_Araújo(1989-08-14)','0000-00-00','0000-00-00','0000-00-00'),(436,'Francisco Welken Francalino da Silva','1991-11-11',3,'','(88) 99207-5410','Padre Antenor Nunes','Vila São Paulo',0,'2018-05-17','Francisco_Welken_Francalino_da_Silva(1991-11-11)','0000-00-00','0000-00-00','0000-00-00'),(437,'Paula Dalana Muniz','1986-05-02',3,'','(88) 99249-2905','Rua D','Jardim Norte 1',0,'2018-05-17','Paula_Dalana_Muniz(1986-05-02)','0000-00-00','0000-00-00','0000-00-00'),(438,'Yainetti ','1984-04-25',3,'','(88) 99995-1984','Idelzuite Almeida','José Airton Machado',0,'2018-05-17','Yainetti_(1984-04-25)','0000-00-00','0000-00-00','0000-00-00'),(439,'Gilberto Gil Da Silva Ferreira','1975-01-31',3,'','(88) 99810-3110','Ani Pinheiro','Centro',0,'2018-05-17','Gilberto_Gil_Da_Silva_Ferreira(1975-01-31)','0000-00-00','0000-00-00','0000-00-00'),(440,'Antônio Lucas Maciel','1994-08-30',3,'','(88) 99612-9069','Travessa Bento Rocha Lima','Edmilson Correia Vasconcelos',0,'2018-05-17','Antônio_Lucas_Maciel(1994-08-30)','0000-00-00','0000-00-00','0000-00-00'),(441,'Samya Cavalcante de Matos Pinheiro','1985-01-07',4,'','(85) 99971-0201','Travessa Bento Rocha Lima','Edmilson Correia Vasconcelos',152,'2018-05-17','Samya_Cavalcante_de_Matos_Pinheiro(1985-01-07)','0000-00-00','0000-00-00','0000-00-00'),(442,'Benedita Jamaica Rdrigue Nunes','0991-11-03',4,'','(88) 99303-0207','Veriador Edmilson Patrício','Salviano Carlos',0,'2018-05-17','Benedita_Jamaica_Rdrigue_Nunes(0991-11-03)','0000-00-00','0000-00-00','0000-00-00'),(443,'Edigle Almeida dos Anjos','1983-12-14',4,'','(88) 99681-6920','Edimir Pinto','Edmilson Correia Vasconcelos',40,'2018-05-17','Edigle_Almeida_dos_Anjos(1983-12-14)','0000-00-00','0000-00-00','0000-00-00'),(444,'Iwry Freitas','1988-12-02',5,'','(88) 99874-9675','Rua Manuel Ferreira','Rodoviária',120,'2018-05-17','Iwry_Freitas(1988-12-02)','0000-00-00','0000-00-00','0000-00-00'),(445,'Renata Vieira de Souza','1997-11-21',4,'','(88) 99607-3224','Teofilo Lessa','Rodoviária',123,'2018-05-18','Renata_Vieira_de_Souza(1997-11-21)','0000-00-00','0000-00-00','0000-00-00'),(446,'Renato Vieira de Souza','1987-12-05',4,'','(88) 99647-0609','Teofilo Lessa','Rodoviária',123,'2018-05-18','Renato_Vieira_de_Souza(1987-12-05)','0000-00-00','0000-00-00','0000-00-00'),(447,'Janiely Barros Dias','1995-11-20',3,'','(88) 99307-1581','Paulo Benicio Junior','Vila Uniao',95,'2018-05-18','Janiely_Barros_Dias(1995-11-20)','0000-00-00','0000-00-00','0000-00-00'),(448,'Luciana Alves Silva','1993-04-11',4,'','(88) 99935-3524','Travessa Nove de Janeiro','Industrial',62,'2018-05-18','Luciana_Alves_Silva(1993-04-11)','0000-00-00','0000-00-00','0000-00-00'),(449,'Luecia Alves Silva','1990-12-21',4,'','(88) 99426-3960','Rua J','Pompeia',38,'2018-05-18','Luecia_Alves_Silva(1990-12-21)','0000-00-00','0000-00-00','0000-00-00'),(450,'Mariana Pimentel Fernandes','1996-09-30',8,'','(88) 99655-6915','Pedro Teles de Menezes','Duque de Caxias',102,'2018-05-18','Mariana_Pimentel_Fernandes(1996-09-30)','0000-00-00','0000-00-00','0000-00-00'),(451,'Vanessa Maria do N. Almeida','1995-05-23',3,'','(88) 99218-0416','Avenida Geraldo Bizarria de Carvalho','Edmilson Correia Vasconcelos',208,'2018-05-18','Vanessa_Maria_do_N._Almeida(1995-05-23)','0000-00-00','0000-00-00','0000-00-00'),(452,'Francisca Lusmaia Alves M','1977-11-01',3,'','(88) 99616-7300','Manoel Ferreira e Silva','Rodoviária',143,'2018-05-18','Francisca_Lusmaia_Alves_M(1977-11-01)','0000-00-00','0000-00-00','0000-00-00'),(453,'Marcelo de Sousa Leitão','1990-07-31',3,'','(88) 99707-7564','Joaquim Fernandes','Centro',0,'2018-05-18','Marcelo_de_Sousa_Leitão(1990-07-31)','0000-00-00','0000-00-00','0000-00-00'),(454,'Francisco Darlan Oliveira ','1991-08-02',3,'','(88) 99278-0434','Raimundo Pedro Nunes','Maravilha',0,'2018-05-18','Francisco_Darlan_Oliveira_(1991-08-02)','0000-00-00','0000-00-00','0000-00-00'),(455,'Amanda de Fátima da Silva Vieira','1994-07-08',4,'','(88) 99646-7319','Rua José Ferreira da Costa','Duque de Caxias',17,'2018-05-18','Amanda_de_Fátima_da_Silva_Vieira(1994-07-08)','0000-00-00','0000-00-00','0000-00-00'),(457,'José Maria Holanda Nogueira','1969-06-21',4,'','(88) 99348-6687','Rua Bolgeval Leão','Centro',888,'2018-05-18','José_Maria_Holanda_Nogueira(1969-06-21)','0000-00-00','0000-00-00','0000-00-00'),(458,'Maria do Carmo Fiusa Façanha','1980-07-01',4,'','(88) 99443-0007','Rua Bolgeval Leão','Centro',888,'2018-05-18','Maria_do_Carmo_Fiusa_Façanha(1980-07-01)','0000-00-00','0000-00-00','0000-00-00'),(459,'Davi Alves ','2002-12-23',3,'','(88) 99695-6091','Maria Saraiva','Rodoviária',0,'2018-05-19','Davi_Alves_(2002-12-23)','0000-00-00','0000-00-00','0000-00-00'),(460,'Leticia Alves Mangeth','2006-05-30',4,'','(88) 99616-7300','Manoel Ferreira e Silva','Rodoviária',143,'2018-05-19','Leticia_Alves_Mangeth(2006-05-30)','0000-00-00','0000-00-00','0000-00-00'),(461,'Rodollfo Cosme Barbosa ','1989-08-15',3,'','(88) 99938-8810','Travessa Idelzuite Almeida','José Airton Machado',50,'2018-05-21','Rodollfo_Cosme_Barbosa_(1989-08-15)','0000-00-00','0000-00-00','0000-00-00'),(462,'Karine Quirino Barros','1995-05-02',9,'','(88) 99697-3732','Rua Idelzuite Almeida ','José Airton Machado',45,'2018-05-21','Karine_Quirino_Barros(1995-05-02)','0000-00-00','0000-00-00','0000-00-00'),(463,'Antônia Neide Belo de Oliveira','1984-06-20',3,'','(88) 99271-4041','Rua Ana Mota Almeida','Edmilson Correia Vasconcelos',120,'2018-05-21','Antônia_Neide_Belo_de_Oliveira(1984-06-20)','0000-00-00','0000-00-00','0000-00-00'),(464,'Meyre da Silva Paiva','1972-01-01',3,'','(88) 99793-2312','Rua José Campos Torquarto','Centro',241,'2018-05-21','Meyre_da_Silva_Paiva(1972-01-01)','0000-00-00','0000-00-00','0000-00-00'),(465,'Claudiana de Araujo Severo','1977-03-03',4,'','(88) 99229-5730','Avenida Geraldo Bizarria de Carvalho','Edmilson Correia Vasconcelos',133,'2018-05-21','Claudiana_de_Araujo_Severo(1977-03-03)','0000-00-00','0000-00-00','0000-00-00'),(466,'Flavio Gustavo M Gomes','1998-05-25',5,'','(88) 99424-5140','Eliziario Pinheiro','Monteiro de Morais',52,'2018-05-21','Flavio_Gustavo_M_Gomes(1998-05-25)','0000-00-00','0000-00-00','0000-00-00'),(467,'Andrea Maria Oliveira de Jesus','1984-03-12',3,'','(84) 98894-8816','Francisco Genesio Fernandes','Rodoviária',2,'2018-05-21','Andrea_Maria_Oliveira_de_Jesus(1984-03-12)','0000-00-00','0000-00-00','0000-00-00'),(468,'Ernaudo Rafael Barros Silva','2000-02-13',4,'','(88) 99496-0249','luisa correia','José Airton Machado',49,'2018-05-21','Ernaudo_Rafael_Barros_Silva(2000-02-13)','0000-00-00','0000-00-00','0000-00-00'),(469,'Allana Leal ','2000-04-23',3,'','(88) 99425-5144','Avenida Geraldo Bizarria de Carvalho','Edmilson Correia Vasconcelos',208,'2018-05-21','Allana_Leal_(2000-04-23)','0000-00-00','0000-00-00','0000-00-00'),(470,'Anderson De Sousa ','1998-03-30',3,'','(88) 99233-8895','Jorge Borges','Maravilha',98,'2018-05-21','Anderson_De_Sousa_(1998-03-30)','0000-00-00','0000-00-00','0000-00-00'),(471,'Roger Cavalcante ','1995-08-27',3,'','(88) 99270-4386','Aloisio Siqueira','Rodoviária',83,'2018-05-21','Roger_Cavalcante_(1995-08-27)','0000-00-00','0000-00-00','0000-00-00'),(472,'Rayza Thayane Varela ','1995-01-20',3,'','(88) 99313-1533','Quadra D','Planalto Sabonete',7,'2018-05-21','Rayza_Thayane_Varela_(1995-01-20)','0000-00-00','0000-00-00','0000-00-00'),(473,'Sabryna Kellen ','2001-11-12',5,'','(88) 99355-6930','Beijamim Barroso','Jose Aurelio Camara',259,'2018-05-21','Sabryna_Kellen_(2001-11-12)','0000-00-00','0000-00-00','0000-00-00'),(474,'Lorena do Carmo de s Martins','2001-12-25',3,'','(88) 99612-1992','Monsenhor Salviano Pinto','Centro',227,'2018-05-21','Lorena_do_Carmo_de_s_Martins(2001-12-25)','0000-00-00','0000-00-00','0000-00-00'),(475,'Thiago Jeferson  Almeida ','1991-07-31',3,'','(88) 99626-7343','Dom Quentino','Centro',303,'2018-05-21','Thiago_Jeferson__Almeida_(1991-07-31)','0000-00-00','0000-00-00','0000-00-00'),(476,'Antonia Cleide da Silva','1976-03-27',3,'','(88) 99200-2822','José Adalfo Nogueira','Conjunto Esperança',237,'2018-05-21','Antonia_Cleide_da_Silva(1976-03-27)','0000-00-00','0000-00-00','0000-00-00'),(477,'Manoeliza Fernandes de O.','1990-10-19',3,'','(88) 99788-1420','Leste Oeste','Edmilson Correia Vasconcelos',0,'2018-05-21','Manoeliza_Fernandes_de_O.(1990-10-19)','0000-00-00','0000-00-00','0000-00-00'),(478,'Francisco Ruan da Silva','2001-07-01',3,'','(88) 99709-1809','Rua E','Cohab',0,'2018-05-21','Francisco_Ruan_da_Silva(2001-07-01)','0000-00-00','0000-00-00','0000-00-00'),(479,'Gabriella Nogueira Nobre','1995-02-24',3,'','(88) 99944-7164','Isaura Camelo','Edmilson Correia Vasconcelos',51,'2018-05-21','Gabriella_Nogueira_Nobre(1995-02-24)','0000-00-00','0000-00-00','0000-00-00'),(480,'Clemilda G. Freitas ','1962-06-10',3,'','(88) 99666-7753','Teofilo Lessa','Rodoviária',0,'2018-05-22','Clemilda_G._Freitas_(1962-06-10)','0000-00-00','0000-00-00','0000-00-00'),(481,'Antonia Daniele Rodrigues','1988-09-26',3,'','(88) 99418-7410','Avenida Geraldo Bizarria de Carvalho','Edmilson Correia Vasconcelos',821,'2018-05-22','Antonia_Daniele_Rodrigues(1988-09-26)','0000-00-00','0000-00-00','0000-00-00'),(483,'Mario Davi Saraiva','1993-07-15',5,'','(88) 99813-2545','Idelzuite Almeida','Rodoviária',102,'2018-05-22','Mario_Davi_Saraiva(1993-07-15)','0000-00-00','0000-00-00','0000-00-00'),(484,'Brendew Guilherme Barbosa D N','2001-09-23',3,'','(88) 99996-8833','Manoel Ferreira e Silva','Distrito Industrial',92,'2018-05-22','Brendew_Guilherme_Barbosa_D_N(2001-09-23)','0000-00-00','0000-00-00','0000-00-00'),(485,'Marta Campelo Dantas','1996-06-23',5,'','(88) 99836-5959','Pedro Teles de Menezes','Duque de Caxias',91,'2018-05-22','Marta_Campelo_Dantas(1996-06-23)','0000-00-00','2018-08-28','2019-05-28'),(486,'Jakson Patrik de Castro','0000-00-00',3,'','(88) 99256-7831','Dr Miguel Pinto ','Centro',356,'2018-05-22','Jakson_Patrik_de_Castro(19997-04-04)','0000-00-00','0000-00-00','0000-00-00'),(487,'Marcia Helena M Barros','1988-10-23',3,'','(88) 99271-6280','Expedito Patricio de Almeida','jaime Lopes',30,'2018-05-22','Marcia_Helena_M_Barros(1988-10-23)','0000-00-00','0000-00-00','0000-00-00'),(488,'Marcio Grey Carlos de Almeida','1986-05-22',3,'','(88) 99303-6355','Jaraim Norte 1 ','Sabonete',4,'2018-05-22','Marcio_Grey_Carlos_de_Almeida(1986-05-22)','0000-00-00','0000-00-00','0000-00-00'),(489,'Aguinaldo José Conceição','1968-02-24',4,'','(88) 93441-1044','Avenida Geraldo Bizarria de Carvalho','Edmilson Correia Vasconcelos',682,'2018-05-22','Aguinaldo_José_Conceição(1968-02-24)','0000-00-00','0000-00-00','0000-00-00'),(490,'Iara Diogenes Silva','1992-09-25',3,'','(88) 99985-8473','Avenida Geraldo Bizarria de Carvalho','Edmilson Correia Vasconcelos',1,'2018-05-23','Iara_Diogenes_Silva(1992-09-25)','0000-00-00','0000-00-00','0000-00-00'),(491,'Paulo Nógimo','1988-10-03',10,'','(88) 99206-0014','Dr Miguel Pinto','Centro',0,'2018-05-23','Paulo_Nógimo(1988-10-03)','0000-00-00','0000-00-00','0000-00-00'),(492,'Adriana Lindalva Santinho','1975-06-26',3,'','(88) 99689-6790','Edimir Pinto','Edmilson Correia Vasconcelos',0,'2018-05-23','Adriana_Lindalva_Santinho(1975-06-26)','0000-00-00','0000-00-00','0000-00-00'),(493,'Rômulo Alvino','1985-01-25',3,'','(88) 99601-8457','Margarida Felix de Araújo','Polo Industrial',0,'2018-05-23','Rômulo_Alvino(1985-01-25)','0000-00-00','0000-00-00','0000-00-00'),(494,'Monaliza Fernandes de Oliveira Borba','1990-10-19',3,'','(88) 99788-1420','Leste Oeste 4','Edmilson Correia Vasconcelos',47,'2018-05-23','Monaliza_Fernandes_de_Oliveira_Borba(1990-10-19)','0000-00-00','0000-00-00','0000-00-00'),(495,'Francisco Fabio Ribeiro Alves','1986-11-07',3,'','(88) 99349-5288','Ana Késsia Costa Vasques','Centro',73,'2018-05-23','Francisco_Fabio_Ribeiro_Alves(1986-11-07)','0000-00-00','0000-00-00','0000-00-00'),(496,'Maria Diane de Holanda Teles','1992-07-24',3,'','(85) 99642-4806','Dr. Antonio Pinto de Medonça','Duque de Caxias',1014,'2018-05-24','Maria_Diane_de_Holanda_Teles(1992-07-24)','0000-00-00','0000-00-00','0000-00-00'),(497,'Adriana Barbosa Leal ','1972-01-22',3,'','(88) 99908-3926','Leste Oeste','Edmilson Correia Vasconcelos',0,'2018-05-24','Adriana_Barbosa_Leal_(1972-01-22)','0000-00-00','0000-00-00','0000-00-00'),(498,'Luis Gonzaga Coelho','1989-03-03',3,'','(88) 99922-0776','Idelzuite Almeida','José Airton Machado',0,'2018-05-24','Luis_Gonzaga_Coelho(1989-03-03)','0000-00-00','0000-00-00','0000-00-00'),(499,'Fabiana de Sousa','1994-09-18',3,'','(88) 99264-4477','Rua J','Pompeia',0,'2018-05-24','Fabiana_de_Sousa(1994-09-18)','0000-00-00','0000-00-00','0000-00-00'),(500,'Jose Raimundo Gonçalves ','1977-12-28',3,'','(88) 98826-2752','Padre Carvalho','Centro',74,'2018-05-24','Jose_Raimundo_Gonçalves_(1977-12-28)','0000-00-00','0000-00-00','0000-00-00'),(501,'MARIA IVONE','1967-05-29',3,'','(88) 99449-0809','Desembardor Americo Militao','Rodoviária',623,'2018-05-25','MARIA_IVONE(1967-05-29)','0000-00-00','0000-00-00','0000-00-00'),(502,'ANTONIO ROBERLANDIO M CHAVES','1991-10-30',5,'','(88) 99464-2958','Avenida Geraldo Bizarria de Carvalho','Edmilson Correia Vasconcelos',31,'2018-05-25','ANTONIO_ROBERLANDIO_M_CHAVES(1991-10-30)','0000-00-00','0000-00-00','0000-00-00'),(503,'PEDRO HENRIQUE QUEIROZ SOUSA','1999-03-12',5,'','(88) 99303-5419','Avenida Geraldo Bizarria de Carvalho','Edmilson Correia Vasconcelos',458,'2018-05-25','PEDRO_HENRIQUE_QUEIROZ_SOUSA(1999-03-12)','0000-00-00','0000-00-00','0000-00-00'),(504,'Francisco Rodrigues de Souza','1985-07-25',3,'','(88) 99927-0757','Rua Joel Nunes','José Airton Machado',60,'2018-05-26','Francisco_Rodrigues_de_Souza(1985-07-25)','0000-00-00','0000-00-00','0000-00-00'),(505,'Andre Diego de Freitas','1986-08-10',7,'','(88) 99490-0555','Dr. Adelia de Albuquerque','Jose Aurelio Camara',104,'2018-05-28','Andre_Diego_de_Freitas(1986-08-10)','0000-00-00','0000-00-00','0000-00-00'),(506,'Caio César de Sousa Silva','1991-07-25',3,'','(88) 99310-4446','Luis Augusto do Nascimento','Edmilson Correia Vasconcelos',0,'2018-05-28','Caio_César_de_Sousa_Silva(1991-07-25)','0000-00-00','0000-00-00','0000-00-00'),(507,'Marlene Moreira da Cruz','1974-12-13',3,'','(88) 99487-4926','Avenida Geraldo Bizarria de Carvalho','Edmilson Correia Vasconcelos',0,'2018-05-28','Marlene_Moreira_da_Cruz(1974-12-13)','0000-00-00','0000-00-00','0000-00-00'),(508,'Renata Holanda ','1994-05-31',3,'','(88) 98812-8103','José Holanda Cavalcante','Edmilson Correia Vasconcelos',0,'2018-05-28','Renata_Holanda_(1994-05-31)','0000-00-00','0000-00-00','0000-00-00'),(509,'Vanderlânia Ferreira','2018-06-04',3,'','(88) 99215-0483','Marques Filho','Monteiro de Morais',0,'2018-05-28','Vanderlânia_Ferreira(2018-06-04)','0000-00-00','0000-00-00','0000-00-00'),(510,'Pedro Igor Ferreira Holanda','2003-06-20',5,'','(88) 99640-3847','Sargento Milton Alves Peixoto','Edmilson Correia Vasconcelos',0,'2018-05-28','Pedro_Igor_Ferreira_Holanda(2003-06-20)','0000-00-00','0000-00-00','0000-00-00'),(511,'Bruna Feijó Pinho','1993-10-30',3,'','(88) 99785-8931','Nossa  Senhora Salviano Pinho','Centro',686,'2018-05-28','Bruna_Feijó_Pinho(1993-10-30)','0000-00-00','0000-00-00','0000-00-00'),(512,'João Victor Oliveira Farias','1996-04-15',3,'','(88) 99602-8621','Dr. José Dias','Centro',0,'2018-05-28','João_Victor_Oliveira_Farias(1996-04-15)','0000-00-00','0000-00-00','0000-00-00'),(513,'Idezuite Almeida de Oliveira','1979-10-01',3,'','(85) 99838-1405','Almir barbosa','Maravilha',241,'2018-05-28','Idezuite_Almeida_de_Oliveira(1979-10-01)','0000-00-00','0000-00-00','0000-00-00'),(514,'Antonia Celia F. de Melo','1978-01-23',9,'','(88) 99221-6514','Luis Augusto do Nascimento','Edmilson Correia Vasconcelos',0,'2018-05-28','Antonia_Celia_F._de_Melo(1978-01-23)','0000-00-00','0000-00-00','0000-00-00'),(515,'Cedric Fernandes Roddrigues','1982-03-29',10,'','(88) 99927-8747','Luis Augusto do Nascimento','Edmilson Correia Vasconcelos',0,'2018-05-28','Cedric_Fernandes_Roddrigues(1982-03-29)','0000-00-00','0000-00-00','0000-00-00'),(516,'Camila Ferreira Aragao','2002-08-09',3,'','(88) 99325-2424','Rua Ana Mota Almeida','Edmilson Correia Vasconcelos',0,'2018-05-28','Camila_Ferreira_Aragao(2002-08-09)','0000-00-00','0000-00-00','0000-00-00'),(517,'cintia sousa da silva','1993-05-15',3,'','(88) 99408-5496','joel nunes','Rodoviária',1,'2018-05-29','cintia_sousa_da_silva(1993-05-15)','0000-00-00','0000-00-00','0000-00-00'),(518,'whissara silva vidal','1984-08-30',3,'','(88) 99227-2424','av.humberto senna','Edmilson Correia',613,'2018-05-29','whissara_silva_vidal(1984-08-30)','0000-00-00','0000-00-00','0000-00-00'),(519,'LUCIA VANDA TEIXEIRA DE FREITAS','1971-02-03',3,'','(88) 99648-7711','ARI ALEXANDRE BRASIL','CENTRO IGUATU',18,'2018-05-29','LUCIA_VANDA_TEIXEIRA_DE_FREITAS(1971-02-03)','0000-00-00','0000-00-00','0000-00-00'),(520,'Silverlandio Ferreira','1973-06-27',3,'','(88) 99246-1265','Antônio Jair Camelo','Salviano Carlos',0,'2018-05-29','Silverlandio_Ferreira(1973-06-27)','0000-00-00','0000-00-00','0000-00-00'),(521,'Suelany Rodrigues Vieira','1984-07-27',8,'','(88) 99352-3004','luisa correia','Edmilson Correia Vasconcelos',34,'2018-05-29','Suelany_Rodrigues_Vieira(1984-07-27)','0000-00-00','0000-00-00','0000-00-00'),(522,'Jhanyelle Hilário da Silva','1991-12-10',5,'','(88) 99422-1978','Carlos Alberto Correia Lima','Edmilson Correia Vasconcelos',0,'2018-05-29','Jhanyelle_Hilário_da_Silva(1991-12-10)','0000-00-00','0000-00-00','0000-00-00'),(523,'Teófilo Delmiro de Oliveira','1978-09-09',11,'','(88) 99456-9918','Dr. José Dias','Centro',0,'2018-05-29','Teófilo_Delmiro_de_Oliveira(1978-09-09)','0000-00-00','0000-00-00','0000-00-00'),(524,'Fernanda Muniz de Lemos ','1995-03-27',11,'','(88) 99242-5913','Manoel Martins de Almeida','Industrial',69,'2018-05-29','Fernanda_Muniz_de_Lemos_(1995-03-27)','0000-00-00','0000-00-00','0000-00-00'),(525,'Valéria Cintia da Silva','1980-12-10',3,'','(88) 99994-2030','Damião Carneiro','Centro',0,'2018-05-29','Valéria_Cintia_da_Silva(1980-12-10)','0000-00-00','0000-00-00','0000-00-00'),(526,'Maria do Socorro  Alves','1977-05-13',3,'','(88) 99782-4182','Luiza Correia','Edmilson Correia Vasconcelos',138,'2018-05-29','Maria_do_Socorro__Alves(1977-05-13)','0000-00-00','0000-00-00','0000-00-00'),(528,'Antonia Margarida Mendes da Silva','1979-11-20',4,'','(88) 99256-4929','Avenida Geraldo Bizarria de Carvalho','Edmilson Correia Vasconcelos',0,'2018-05-29','Antonia_Margarida_Mendes_da_Silva(1979-11-20)','0000-00-00','0000-00-00','0000-00-00'),(529,'Camila Carla Henrique de Araújo','1991-11-06',4,'','(88) 99764-1126','Avenida Geraldo Bizarria de Carvalho','Edmilson Correia Vasconcelos',0,'2018-05-29','Camila_Carla_Henrique_de_Araújo(1991-11-06)','0000-00-00','0000-00-00','0000-00-00'),(530,'MARIA MARGARETH FRANCO','1986-07-08',3,'','(88) 99908-1619','ALUISO MOTO SARAIVA','Distrito Industrial',10,'2018-05-30','MARIA_MARGARETH_FRANCO(1986-07-08)','0000-00-00','0000-00-00','0000-00-00'),(531,'ANNE LOUISE PINHEIRO PAULINO','2001-07-25',14,'','(88) 99670-0390','Maria Saraiva','Rodoviária',132,'2018-05-30','ANNE_LOUISE_PINHEIRO_PAULINO(2001-07-25)','0000-00-00','0000-00-00','0000-00-00'),(532,'Ana Cristiina Freitas ','1981-10-31',3,'','(88) 99957-2859','Margarida Felix','Edmilson Correia Vasconcelos',0,'2018-05-30','Ana_Cristiina_Freitas_(1981-10-31)','0000-00-00','0000-00-00','0000-00-00'),(533,'Matheus Braga Alves Gabriel','2007-12-27',12,'','(88) 99991-1112','João Capistrano Saldanha','Edmilson Correia Vasconcelos',0,'2018-05-30','Matheus_Braga_Alves_Gabriel(2007-12-27)','0000-00-00','0000-00-00','0000-00-00'),(534,'Mirella Braga Alves','2007-12-27',12,'','(88) 99991-1112','João Capistrano Saldanha','Edmilson Correia Vasconcelos',0,'2018-05-30','Mirella_Braga_Alves(2007-12-27)','0000-00-00','0000-00-00','0000-00-00'),(535,'Lorena Oliveira de Brito','2007-05-06',12,'','(88) 99448-9321','Aloisio Siqueira','José Airton Machado',0,'2018-05-30','Lorena_Oliveira_de_Brito(2007-05-06)','0000-00-00','0000-00-00','0000-00-00'),(536,'Tamires Felipe de Moraes','1990-02-16',3,'','(88) 99935-6524','Ruas das Angélicas','Salviano Carlos',96,'2018-05-30','Tamires_Felipe_de_Moraes(1990-02-16)','0000-00-00','0000-00-00','0000-00-00'),(537,'Mardênia Queiroz Diógenes de Sousa','1983-08-14',6,'','(88) 99236-6374','Rua Tarciane Viana','Edmilson Correia Vasconcelos',0,'2018-06-01','Mardênia_Queiroz_Diógenes_de_Sousa(1983-08-14)','0000-00-00','0000-00-00','0000-00-00'),(538,'camila da silva marinho','2002-01-06',4,'','(88) 99431-6306','Avenida Geraldo Bizarria de Carvalho','Edmilson Correia Vasconcelos',37,'2018-06-01','camila_da_silva_marinho(2002-01-06)','0000-00-00','0000-00-00','0000-00-00'),(539,'Carlos Patrick Pimentel e Silva','2001-10-19',5,'','(88) 99242-9995','José Magalhães','Maravilha',158,'2018-06-02','Carlos_Patrick_Pimentel_e_Silva(2001-10-19)','0000-00-00','0000-00-00','0000-00-00'),(540,'Renan Soares Tavares','1989-04-11',3,'','(88) 99986-6318','Ana Kérsia Costa Vasques','Centro',0,'2018-06-04','Renan_Soares_Tavares(1989-04-11)','0000-00-00','0000-00-00','0000-00-00'),(541,'Maria Jaqueline Alves da Silva','1982-05-22',3,'','(88) 99994-6997','Jardin Norte ','Sabonete ',0,'2018-06-04','Maria_Jaqueline_Alves_da_Silva(1982-05-22)','0000-00-00','0000-00-00','0000-00-00'),(542,'Fábia Gonzaga Moreiro','1984-04-18',3,'','(88) 99455-9739','Jardim Norte 1','Sabonete',0,'2018-06-04','Fábia_Gonzaga_Moreiro(1984-04-18)','0000-00-00','0000-00-00','0000-00-00'),(543,'Andrezza Mayra Farias Costa ','1997-12-15',3,'','(88) 99789-9041','Francisco Geovanis de Sousa','Duque de Caxias',0,'2018-06-04','Andrezza_Mayra_Farias_Costa_(1997-12-15)','0000-00-00','0000-00-00','0000-00-00'),(544,'Sidmar José Teixeira ','1984-09-20',4,'','(85) 99706-7799','Av Dr. Joaquim Fernandes ','Centro',547,'2018-06-04','Sidmar_José_Teixeira_(1984-09-20)','0000-00-00','0000-00-00','0000-00-00'),(545,'Ana  Valeska Leite Barbosa','1987-01-24',4,'','(88) 99706-7799','Av. Dr Joaquim Fernandes','Centro',0,'2018-06-04','Ana__Valeska_Leite_Barbosa(1987-01-24)','0000-00-00','0000-00-00','0000-00-00'),(546,'Mariana Barros da Silva','1987-05-21',9,'','(88) 99655-2922','ANTONIO PINHEIRO','CENTRO',40,'2018-06-04','Mariana_Barros_da_Silva(1987-05-21)','0000-00-00','0000-00-00','0000-00-00'),(547,'Lara Klessia Pinheiro Sousa','1987-07-09',9,'','(88) 99712-8129','JOSE CIPRIANO','Centro',364,'2018-06-04','Lara_Klessia_Pinheiro_Sousa(1987-07-09)','0000-00-00','0000-00-00','0000-00-00'),(548,'DILAISE FELIX','1983-05-23',3,'','(88) 99469-4089','25 de março','Pompeia',751,'2018-06-04','DILAISE_FELIX(1983-05-23)','0000-00-00','0000-00-00','0000-00-00'),(549,'NARA ALVES SALES','1987-08-24',3,'','(88) 99728-8678','Rua Vereador Edmilson Patricio','POMPEIA',291,'2018-06-05','NARA_ALVES_SALES(1987-08-24)','0000-00-00','0000-00-00','0000-00-00'),(550,'MARCELO DA SILVA BARROS','1996-08-15',3,'','(88) 99682-1477','Gregorio Veridiano','Rodoviária',217,'2018-06-05','MARCELO_DA_SILVA_BARROS(1996-08-15)','0000-00-00','0000-00-00','0000-00-00'),(551,'PATRICIA DA SILVA GONÇALVES','1972-09-04',3,'','(85) 99638-8366','maria zilda costa','Edmilson Correia Vasconcelos',71,'2018-06-05','PATRICIA_DA_SILVA_GONÇALVES(1972-09-04)','0000-00-00','0000-00-00','0000-00-00'),(552,'MARIA LETÍCIA PATRICIO','2002-05-01',3,'','(88) 99247-2423','Luis Augusto do Nascimento','Distrito Industrial',47,'2018-06-05','MARIA_LETÍCIA_PATRICIO(2002-05-01)','0000-00-00','0000-00-00','0000-00-00'),(553,'Barbara Emilye de Oliveira','2002-11-07',3,'','(88) 99425-8207','Luisa Correia','Polo Industrial',262,'2018-06-06','Barbara_Emilye_de_Oliveira(2002-11-07)','0000-00-00','0000-00-00','0000-00-00'),(554,'Ana Luisa Freitas de Oliveira','2000-11-21',3,'','(88) 99795-8586','Luisa Correia','Polo Industrial',0,'2018-06-06','Ana_Luisa_Freitas_de_Oliveira(2000-11-21)','0000-00-00','0000-00-00','0000-00-00'),(555,'Ruthmila Sousa Lima','2003-11-06',3,'','(88) 99449-4480','Rua B','Vila União',0,'2018-06-06','Ruthmila_Sousa_Lima(2003-11-06)','0000-00-00','0000-00-00','0000-00-00'),(556,'Antônio Lucas Paulo de Lima','1997-06-19',3,'','(88) 99411-2528','Maria Saraiva','José Airton Machado',37,'2018-06-06','Antônio_Lucas_Paulo_de_Lima(1997-06-19)','0000-00-00','0000-00-00','0000-00-00'),(557,'Geovana Castro ','0097-07-19',3,'','(88) 99744-5479','Padre Germiniano Bezerra','Monteiro e Morais',0,'2018-06-06','Geovana_Castro_(0097-07-19)','0000-00-00','0000-00-00','0000-00-00'),(558,'Naires da Silva','1990-02-02',3,'','(88) 99420-7364','Dr. Miguel Pinto','Centro',0,'2018-06-06','Naires_da_Silva(1990-02-02)','0000-00-00','0000-00-00','0000-00-00'),(559,'Maria Jaqueline Alves da Silva','1985-05-22',3,'','(88) 99994-6997','Jardin Norte','Sabonete',0,'2018-06-06','Maria_Jaqueline_Alves_da_Silva(1985-05-22)','0000-00-00','0000-00-00','0000-00-00'),(560,'Ester Pimentel de Oliveira','1987-09-14',3,'','(88) 99476-5242','Dias Ferreira','Centro',0,'2018-06-06','Ester_Pimentel_de_Oliveira(1987-09-14)','0000-00-00','0000-00-00','0000-00-00'),(561,'Alan Diego Paiva e Silva','1994-08-07',10,'','(88) 99620-6387','Luia Gomes Coutinho','Maravilha',1,'2018-06-06','Alan_Diego_Paiva_e_Silva(1994-08-07)','0000-00-00','0000-00-00','0000-00-00'),(562,'Carlielder Torcate Batista','1984-09-29',4,'','(88) 99996-5105','Maria das Dores Jacinto','José Airton Machado',0,'2018-06-06','Carlielder_Torcate_Batista(1984-09-29)','0000-00-00','0000-00-00','0000-00-00'),(563,'Victoria Giovanna S. Lima','2001-11-26',5,'','(88) 99996-0845','Edmilson Correia de Vasconcelos','José Nobre de Oliveira',0,'2018-06-06','Victoria_Giovanna_S._Lima(2001-11-26)','0000-00-00','0000-00-00','0000-00-00'),(564,'Leandro Gardel Rabelo da Silva','1997-04-22',3,'','(88) 98113-4688','Travessa Antônio Bezerra ','Salviano Carlos',0,'2018-06-06','Leandro_Gardel_Rabelo_da_Silva(1997-04-22)','0000-00-00','0000-00-00','0000-00-00'),(565,'Leonardo  Fernandes Coelho','1989-03-30',3,'','(88) 99709-8999','Av. 13 de Junho','Centro',0,'2018-06-06','Leonardo__Fernandes_Coelho(1989-03-30)','0000-00-00','0000-00-00','0000-00-00'),(566,'Ligianne Inacio da Silva','1993-06-09',4,'','(88) 99970-2309','Lana Paiva','Dr. José Aiton Machado',0,'2018-06-06','Ligianne_Inacio_da_Silva(1993-06-09)','0000-00-00','0000-00-00','0000-00-00'),(567,'Francisco Carlito Nobre','1981-04-24',3,'','(88) 99973-0480','Lana Paiva ','Dr. José Aiton Machado',108,'2018-06-06','Francisco_Carlito_Nobre(1981-04-24)','0000-00-00','0000-00-00','0000-00-00'),(568,'Mateus Melo Rocha','2000-11-13',3,'','(88) 99426-4543','Antônio Bezerra','Pompeia',344,'2018-06-06','Mateus_Melo_Rocha(2000-11-13)','0000-00-00','0000-00-00','0000-00-00'),(569,'Maria Eduarda Souza Martins','1999-12-26',3,'','(88) 99461-2528','Maria Saraiva','José Airton Machado',37,'2018-06-06','Maria_Eduarda_Souza_Martins(1999-12-26)','0000-00-00','0000-00-00','0000-00-00'),(570,'Deborah Leite de Abreu Souza','1994-05-10',3,'','(88) 99924-9980','Mossenhor Salviano Pinto','Centro',0,'2018-06-06','Deborah_Leite_de_Abreu_Souza(1994-05-10)','0000-00-00','0000-00-00','0000-00-00'),(571,'Antonio Aglailton da Silva  Oliveira','1991-03-18',3,'','(88) 99250-6158','Artur Bino','Deposito',0,'2018-06-06','Antonio_Aglailton_da_Silva__Oliveira(1991-03-18)','0000-00-00','0000-00-00','0000-00-00'),(572,'Nayara Maciel da Silva','1995-03-31',3,'','(88) 99606-5218','Ana Almeida Machado','Aurélio Câmera',0,'2018-06-06','Nayara_Maciel_da_Silva(1995-03-31)','0000-00-00','0000-00-00','0000-00-00'),(573,'Fábia Gonzaga Moreiro','1984-04-18',3,'','(88) 99455-9739','Jardim Norte','Sabonete',0,'2018-06-06','Fábia_Gonzaga_Moreiro(1984-04-18)','0000-00-00','0000-00-00','0000-00-00'),(575,'Ítalo de Padua Saldanha','1990-11-19',3,'','(88) 99810-9244','Uruquê','Uruquê',0,'2018-06-06','Ítalo_de_Padua_Saldanha(1990-11-19)','0000-00-00','0000-00-00','0000-00-00'),(576,'Aleks Roque Alexandre','1998-06-04',3,'','(88) 99202-8023','Dr. José Dias','Centro',0,'2018-06-06','Aleks_Roque_Alexandre(1998-06-04)','0000-00-00','0000-00-00','0000-00-00'),(577,'Jaiane Foçanha Lessa','1988-10-25',3,'','(88) 99269-1645','Ana Almeida Machado','Aurélio Câmera',0,'2018-06-06','Jaiane_Foçanha_Lessa(1988-10-25)','0000-00-00','0000-00-00','0000-00-00'),(578,'Augusto Cesar Jacinto dos Santos','1989-01-25',3,'','(88) 99450-8339','Sítio São Joaquim','Jaime Lopes',0,'2018-06-06','Augusto_Cesar_Jacinto_dos_Santos(1989-01-25)','0000-00-00','0000-00-00','0000-00-00'),(579,'Ruth Jacinto da Silva Viana','1995-05-02',7,'','(88) 99273-0890','Avenida Geraldo Bizarria de Carvalho','Edmilson Correia Vasconcelos',0,'2018-06-08','Ruth_Jacinto_da_Silva_Viana(1995-05-02)','0000-00-00','0000-00-00','0000-00-00'),(580,'Cheylla Cavalcante Sá','1990-04-27',3,'','(88) 99710-6514','Teofilo Lessa','José Airton Machado',0,'2018-06-08','Cheylla_Cavalcante_Sá(1990-04-27)','0000-00-00','0000-00-00','0000-00-00'),(581,'Maria Amanda de Sales','1997-07-03',4,'','(85) 98401-3257','Rua Augusto Cesar da Silva','Edmilson Correia Vasconcelos',175,'2018-06-11','Maria_Amanda_de_Sales(1997-07-03)','0000-00-00','0000-00-00','0000-00-00'),(582,'David sousa da silva','1998-06-02',3,'','(88) 99447-5963','jose simão','Duque de Caxias',89,'2018-06-12','David_sousa_da_silva(1998-06-02)','0000-00-00','0000-00-00','0000-00-00'),(583,'joâo de oliveira costa','1993-11-08',3,'','(88) 99455-5813','Manoel Martins de Almeida','Edmilson Correia Vasconcelos',15,'2018-06-12','joâo_de_oliveira_costa(1993-11-08)','0000-00-00','0000-00-00','0000-00-00'),(584,'DANIEL RODRIGUES BELARMINO','1988-04-19',3,'','(88) 99930-8848','JOSE WEUDON DE OLIVEIRA','Distrito Industrial',55,'2018-06-12','DANIEL_RODRIGUES_BELARMINO(1988-04-19)','0000-00-00','0000-00-00','0000-00-00'),(585,'JOÃO DE OLIVEIRA COSTA','1993-11-08',3,'','(88) 99455-5813','Manoel Martins de Almeida','Edmilson Correia Vasconcelos',15,'2018-06-12','JOÃO_DE_OLIVEIRA_COSTA(1993-11-08)','0000-00-00','0000-00-00','0000-00-00'),(586,'CINTYA LARA LOPES','1986-08-09',3,'','(88) 99400-8656','DR MONTEIRO FILHO','671',0,'2018-06-12','CINTYA_LARA_LOPES(1986-08-09)','0000-00-00','0000-00-00','0000-00-00'),(587,'MARIANA MAIA LIMA','1989-03-06',3,'','(88) 99971-6878','Desembardor Americo Militao','Duque de Caxias',48,'2018-06-12','MARIANA_MAIA_LIMA(1989-03-06)','0000-00-00','0000-00-00','0000-00-00'),(588,'MIKAELL COELHO FERNANDES','1995-03-29',5,'','(88) 99914-3982','jose campos torquatos','Rodoviária',742,'2018-06-12','MIKAELL_COELHO_FERNANDES(1995-03-29)','0000-00-00','0000-00-00','0000-00-00'),(589,'THAYANE DE SOUSA E SILVA','1990-10-07',3,'','(88) 98859-4739','Ana Almeida Machado','Jose Aurelio Camara',26,'2018-06-12','THAYANE_DE_SOUSA_E_SILVA(1990-10-07)','0000-00-00','0000-00-00','0000-00-00'),(590,'MARIA AURENICE RORIGUES','1984-07-16',3,'','(88) 99216-6899','9 DE JANEIRO','Jaime Lopes',2,'2018-06-12','MARIA_AURENICE_RORIGUES(1984-07-16)','0000-00-00','0000-00-00','0000-00-00'),(591,'DANIELA DE ALMEIDA NUNES','1988-02-11',3,'','(88) 98845-0598','25 de março','Centro',338,'2018-06-12','DANIELA_DE_ALMEIDA_NUNES(1988-02-11)','0000-00-00','0000-00-00','0000-00-00'),(592,'Andreza Torres da Silva','1997-10-30',5,'','(88) 99411-4315','JOSE ANTONIO DE ALMEIDA','Deposito',1,'2018-06-12','Andreza_Torres_da_Silva(1997-10-30)','0000-00-00','0000-00-00','0000-00-00'),(593,'FRANCISCA CLAUDIA MARCIEL MIRANDA','1971-01-05',7,'','(88) 99295-5583','IZAURA CAMELO ALMEIDA','Distrito Industrial',30,'2018-06-12','FRANCISCA_CLAUDIA_MARCIEL_MIRANDA(1971-01-05)','0000-00-00','0000-00-00','0000-00-00'),(594,'SUELI VITORIANO DA SILVA','1992-05-29',3,'','(88) 99923-5331','LINO MACHADO','Duque de Caxias',90,'2018-06-12','SUELI_VITORIANO_DA_SILVA(1992-05-29)','0000-00-00','0000-00-00','0000-00-00'),(595,'MARIA ELZIMAR CORREIA VIANA','1971-11-15',3,'','(88) 99841-2594','FAZENDA PITOMBEIRA','BELEM',1,'2018-06-12','MARIA_ELZIMAR_CORREIA_VIANA(1971-11-15)','0000-00-00','0000-00-00','0000-00-00'),(596,'ANA CAMILLA DA COSTA','1989-01-28',3,'','(88) 99985-3533','Desembardor Americo Militao','Edmilson Correia Vasconcelos',1316,'2018-06-12','ANA_CAMILLA_DA_COSTA(1989-01-28)','0000-00-00','0000-00-00','0000-00-00'),(597,'ROMERITO DA SILVA FERREIRA','1997-12-22',4,'','(88) 99487-6219','RUA DO GIROSSOL','MONTE FLOR',111,'2018-06-14','ROMERITO_DA_SILVA_FERREIRA(1997-12-22)','0000-00-00','0000-00-00','0000-00-00'),(598,'Vinicius de Souza Paulino','2003-07-12',3,'','(88) 99253-2338','Maria José Coutinho','Conjunto Esperança',0,'2018-06-14','Vinicius_de_Souza_Paulino(2003-07-12)','0000-00-00','0000-00-00','0000-00-00'),(599,'Pedro Ivo Mitoso','0197-08-14',3,'','(88) 98760-3535','Rua Ana Késsia Vasques','Centro',0,'2018-06-14','Pedro_Ivo_Mitoso(0197-08-14)','0000-00-00','0000-00-00','0000-00-00'),(600,'Andrea Parente Lima','1976-07-12',9,'','(88) 99452-3538','Bougeval Leão','Centro',0,'2018-06-14','Andrea_Parente_Lima(1976-07-12)','0000-00-00','0000-00-00','0000-00-00'),(601,'Luciana Moreira da Silva ','1994-02-14',3,'','(88) 99406-4546','Paulo Maurício da Silva','Edmilson Correia Vasconcelos',0,'2018-06-14','Luciana_Moreira_da_Silva_(1994-02-14)','0000-00-00','0000-00-00','0000-00-00'),(602,'Francisca Amanda Silva','1994-11-04',3,'','(88) 99310-2513','José Airton Machado','Rodoviária',0,'2018-06-14','Francisca_Amanda_Silva(1994-11-04)','0000-00-00','0000-00-00','0000-00-00'),(603,'Fernando José Gustavo da Silva','1988-11-19',3,'','(88) 99264-4417','Rua José Gomes Coutinho','Duque de Caxias',0,'2018-06-14','Fernando_José_Gustavo_da_Silva(1988-11-19)','0000-00-00','0000-00-00','0000-00-00'),(604,'Antônia Juliana Araújo de Sousa','1994-07-28',4,'','(88) 99322-6271','9 DE JANEIRO','Jaime Lopes',0,'2018-06-14','Antônia_Juliana_Araújo_de_Sousa(1994-07-28)','0000-00-00','0000-00-00','0000-00-00'),(605,'Maria Valderlene da Silva ','1984-08-29',3,'','(88) 99945-7752','Travessa João Lúcia ','Salviano Carlos',0,'2018-06-14','Maria_Valderlene_da_Silva_(1984-08-29)','0000-00-00','0000-00-00','0000-00-00'),(606,'João Paulo Viana da Silva','1981-06-24',4,'','(88) 99406-1867','Avenida Geraldo Bizarria de Carvalho','Edmilson Correia Vasconcelos',0,'2018-06-14','João_Paulo_Viana_da_Silva(1981-06-24)','0000-00-00','0000-00-00','0000-00-00'),(607,'José Ravi Alves Gonçalves','1995-11-03',3,'','(88) 99682-0189','João Lucio do Carmo','Pompéia',0,'2018-06-14','José_Ravi_Alves_Gonçalves(1995-11-03)','0000-00-00','0000-00-00','0000-00-00'),(608,'Saulo Mesquita','1995-07-03',3,'','(88) 99715-5468','Teófilo Lessa','José Airton Machado',0,'2018-06-14','Saulo_Mesquita(1995-07-03)','0000-00-00','0000-00-00','0000-00-00'),(609,'Nathércia Nayara de B. Reis','1986-01-13',3,'','(88) 99729-1354','João Capistrano Saldanha','Edmilson Correia Vasconcelos',0,'2018-06-14','Nathércia_Nayara_de_B._Reis(1986-01-13)','0000-00-00','0000-00-00','0000-00-00'),(610,'MATHEUS ALVES DA SILVA','1995-09-17',3,'','(88) 99693-1330','FRANCISCO HOLANDA DIAS','JOSE AIRTON MACHADO',146,'2018-06-14','MATHEUS_ALVES_DA_SILVA(1995-09-17)','0000-00-00','0000-00-00','0000-00-00'),(611,'Rosinha Rodrigues Nogueira','1996-08-30',4,'','(88) 99425-1008','José Campos Torquato','Edmilson Correia Vasconcelos',0,'2018-06-14','Rosinha_Rodrigues_Nogueira(1996-08-30)','0000-00-00','0000-00-00','0000-00-00'),(612,'André  Yohannes Vitor Lopes','1989-05-04',4,'','(88) 99973-9161','13 de Junho','Centro',588,'2018-06-14','André__Yohannes_Vitor_Lopes(1989-05-04)','0000-00-00','0000-00-00','0000-00-00'),(613,'Robson da Silva','1993-01-12',4,'','(88) 99284-5239','Cleosson Siqueira','Choab',0,'2018-06-14','Robson_da_Silva(1993-01-12)','0000-00-00','0000-00-00','0000-00-00'),(614,'Carlos Alberto Sérgio','1944-06-01',3,'','(88) 99991-2806','FRANCISCO HOLANDA DIAS','Rodoviária',0,'2018-06-15','Carlos_Alberto_Sérgio(1944-06-01)','0000-00-00','0000-00-00','0000-00-00'),(615,'Thiago Lopes de Oliveira Eloi','1993-04-29',3,'','(88) 99211-0366','Almerante Alen Castro','Vila Eloi',0,'2018-06-15','Thiago_Lopes_de_Oliveira_Eloi(1993-04-29)','0000-00-00','0000-00-00','0000-00-00'),(616,'Tomaz Barbosa de Sousa','1998-06-28',3,'','(88) 99413-7406','Isa Pereira Costa','Rodoviária',38,'2018-06-15','Tomaz_Barbosa_de_Sousa(1998-06-28)','0000-00-00','0000-00-00','0000-00-00'),(617,'Eliane Fernandes Vieira','1986-03-08',3,'','(88) 99635-5893','Desembardor Americo Militao','Edmilson Correia Vasconcelos',0,'2018-06-15','Eliane_Fernandes_Vieira(1986-03-08)','0000-00-00','0000-00-00','0000-00-00'),(618,'Roberta Abreu da Silva ','1994-12-09',4,'','(88) 99487-6219','Monte Flores','Girasol',0,'2018-06-15','Roberta_Abreu_da_Silva_(1994-12-09)','0000-00-00','0000-00-00','0000-00-00'),(619,'Fabio Pinheiro de Almeida','1985-04-26',3,'','(88) 99962-3982','Rua Idelzuite Almeida','Rodoviária',71,'2018-06-16','Fabio_Pinheiro_de_Almeida(1985-04-26)','0000-00-00','0000-00-00','0000-00-00'),(620,'Rael Bruno de Souza Morais','1997-08-30',3,'','(88) 99335-4322','Rua Luis Prata Girão','Cojunto Esperança',140,'2018-06-16','Rael_Bruno_de_Souza_Morais(1997-08-30)','0000-00-00','0000-00-00','0000-00-00'),(621,'Ana Carolina de Souza Mota','1996-06-25',3,'','(88) 99704-3221','DR MONTEIRO FILHO','Centro',203,'2018-06-18','Ana_Carolina_de_Souza_Mota(1996-06-25)','0000-00-00','0000-00-00','0000-00-00'),(622,'ANDRÉA PEDROSA','1975-09-27',3,'','(88) 99615-9585','Dr Miguel Pinto','Centro',337,'2018-06-18','ANDRÉA_PEDROSA(1975-09-27)','0000-00-00','0000-00-00','0000-00-00'),(623,'SARA FARIAS DE SANTANA','2000-06-11',4,'','(88) 99338-3776','FRANCISCO ISMAEL','Jaime Lopes',277,'2018-06-18','SARA_FARIAS_DE_SANTANA(2000-06-11)','0000-00-00','0000-00-00','0000-00-00'),(624,'SANDRINA FARIAS DE SANTANA','1997-11-12',4,'','(88) 99739-2454','FRANCISCO ISMAEL','Jaime Lopes',277,'2018-06-18','SANDRINA_FARIAS_DE_SANTANA(1997-11-12)','0000-00-00','0000-00-00','0000-00-00'),(625,'Adelson Barbosa da Silva','1989-12-05',3,'','(88) 99610-6786','Alda Patrício de Almeida','Alto da Colina',0,'2018-06-18','Adelson_Barbosa_da_Silva(1989-12-05)','0000-00-00','0000-00-00','0000-00-00'),(626,'Maria Layanna Jales Vieira','1992-02-08',3,'','(88) 99499-5580','Vereador Edmilsom Pinheiro','Salviano Carlos',0,'2018-06-18','Maria_Layanna_Jales_Vieira(1992-02-08)','0000-00-00','0000-00-00','0000-00-00'),(627,'Braz Alves Taveira Neto','1975-10-06',3,'','(88) 99211-5528','Avenida Geraldo Bizarria de Carvalho','Edmilson Correia Vasconcelos',0,'2018-06-18','Braz_Alves_Taveira_Neto(1975-10-06)','0000-00-00','0000-00-00','0000-00-00'),(628,'Carlos Alberto Calisto Sergio','1994-02-14',3,'','(88) 99991-2806','Francisco Holanda Dias','Rodoviária',0,'2018-06-18','Carlos_Alberto_Calisto_Sergio(1994-02-14)','0000-00-00','0000-00-00','0000-00-00'),(629,'Livia Carvalho Taveira','1986-03-31',3,'','(88) 99981-3179','DR MONTEIRO FILHO','JOSE AIRTON MACHADO',0,'2018-06-18','Livia_Carvalho_Taveira(1986-03-31)','0000-00-00','0000-00-00','0000-00-00'),(630,'Jaime Silva Alves','1986-07-07',3,'','(88) 99497-2855','Rua Ednir Pinto Ferreira','Edmilson Correia Vasconcelos',0,'2018-06-18','Jaime_Silva_Alves(1986-07-07)','0000-00-00','0000-00-00','0000-00-00'),(631,'Maria das Graças Araujo','1989-04-16',4,'','(88) 99490-9332','Gregório Veriadiano','Rodoviária',0,'2018-06-18','Maria_das_Graças_Araujo(1989-04-16)','0000-00-00','0000-00-00','0000-00-00'),(632,'Brandan Stiver Gil Calderon','1993-06-09',4,'','(88) 99342-6189','Idelzuite Almeida','Rodoviária',0,'2018-06-18','Brandan_Stiver_Gil_Calderon(1993-06-09)','0000-00-00','0000-00-00','0000-00-00'),(633,'Angela Maria Sousa Limeira','1995-03-10',4,'','(88) 99342-6189','Idelzuite Almeida','Rodoviária',0,'2018-06-18','Angela_Maria_Sousa_Limeira(1995-03-10)','0000-00-00','0000-00-00','0000-00-00'),(634,'Antônio Cesar Teles da Silva','1988-02-12',3,'','(88) 99298-7691','Joel Nunes ','Rodoviária',0,'2018-06-18','Antônio_Cesar_Teles_da_Silva(1988-02-12)','0000-00-00','0000-00-00','0000-00-00'),(635,'Carlos Alexandre de Almeida Tavares','1995-03-09',3,'','(88) 99802-6191','Antonio Saraiva','Monteiro de Moraes',0,'2018-06-18','Carlos_Alexandre_de_Almeida_Tavares(1995-03-09)','0000-00-00','0000-00-00','0000-00-00'),(636,'Letícia Castelo Branco Leitão','1994-07-24',3,'','(88) 99632-0941','Paulo Sarasate','Monteiro de Morais',0,'2018-06-18','Letícia_Castelo_Branco_Leitão(1994-07-24)','0000-00-00','0000-00-00','0000-00-00'),(637,'Leticia Preira Felipe','2000-06-16',3,'','(88) 99466-6587','Antonio Saraiva','Monteiro de Morais',0,'2018-06-18','Leticia_Preira_Felipe(2000-06-16)','0000-00-00','0000-00-00','0000-00-00'),(638,'Siuane de Sousa Arsene','1988-02-21',3,'','(88) 99260-8560','José Edite','Pompéia',0,'2018-06-18','Silane_de_Sousa_Arcene(1988-02-21)','0000-00-00','0000-00-00','0000-00-00'),(639,'Lucivânia da Silva  de Castro','1985-12-14',4,'','(88) 99332-4558','Ademar Nogueira','Conjunto Esperança',0,'2018-06-18','Lucivânia_da_Silva__de_Castro(1985-12-14)','0000-00-00','0000-00-00','0000-00-00'),(640,'Antonio Rotemberg Lemos Teixeira','1980-11-28',3,'','(88) 99234-1312','Rua G','Pompéia',174,'2018-06-18','Antonio_Rotemberg_Lemos_Teixeira(1980-11-28)','0000-00-00','0000-00-00','0000-00-00'),(641,'Eliseu Maia Machado','1999-11-08',5,'','(88) 99704-0129','Rua B','Pompéia',0,'2018-06-18','Eliseu_Maia_Machado(1999-11-08)','0000-00-00','0000-00-00','0000-00-00'),(642,'Felipe Soares','1995-11-04',3,'','(88) 99443-0610','Francosco Pereira Araújo','Emilson Correia',0,'2018-06-18','Felipe_Soares(1995-11-04)','0000-00-00','0000-00-00','0000-00-00'),(643,'Maria Gerliane Silva','1995-01-15',3,'','(88) 99416-3179','Presidente Catelo Branco','Monteiro de Morais',0,'2018-06-18','Maria_Gerliane_Silva(1995-01-15)','0000-00-00','0000-00-00','0000-00-00'),(644,'Antonio Edgley dos Santos Fereira','1993-01-11',3,'','(88) 99724-6985','Luiz Augusto Nascimento','Edmilson Correia Vasconcelos',0,'2018-06-18','Antonio_Edgley_dos_Santos_Fereira(1993-01-11)','0000-00-00','0000-00-00','0000-00-00'),(645,'Elionaria Marques ','1985-10-07',3,'','(88) 99248-6937','Isaura Camelo','Edmilson Correia Vasconcelos',0,'2018-06-18','Elionaria_Marques_(1985-10-07)','0000-00-00','0000-00-00','0000-00-00'),(646,'Carla Vérica Almeida','1990-11-26',3,'','(88) 99770-9905','Euzilda Nogueira da Silva','Salviano Carlos',0,'2018-06-18','Carla_Vérica_Almeida(1990-11-26)','0000-00-00','0000-00-00','0000-00-00'),(647,'José Patrício Farias Barbosa','1982-05-15',3,'','(88) 99630-9152','Honorato Pinto De Araujo','Edmilson Correia Vasconcelos',0,'2018-06-18','José_Patrício_Farias_Barbosa(1982-05-15)','0000-00-00','0000-00-00','0000-00-00'),(648,'Arlene de Sousa Farias','1985-09-08',9,'','(88) 99955-4366','Bento Rocha Lessa','Edmilson Correia Vasconcelos',0,'2018-06-18','Arlene_de_Sousa_Farias(1985-09-08)','0000-00-00','0000-00-00','0000-00-00'),(649,'Rozalha Pereira da Silva','1988-08-05',3,'','(88) 99437-3610','Correia Lima ','Edmilson Correia Vasconcelos',83,'2018-06-18','Rozalha_Pereira_da_Silva(1988-08-05)','0000-00-00','0000-00-00','0000-00-00'),(650,'Clemilson Texeira','1988-10-12',3,'','(88) 99713-4859','Andrade Furtado','Centro',35,'2018-06-18','Clemilson_Texeira(1988-10-12)','0000-00-00','0000-00-00','0000-00-00'),(651,'Elizangela Fernandes Vieira','1982-01-01',4,'','(88) 99660-4780','Rua José Campos Torquarto','Rodoviária',0,'2018-06-18','Elizangela_Fernandes_Vieira(1982-01-01)','0000-00-00','0000-00-00','0000-00-00'),(652,'Gilson Paulino Ribeiro','1988-09-21',15,'','(88) 99455-9098','Antonio Conselheiro','Centro',481,'2018-06-18','Gilson_Paulino_Ribeiro(1988-09-21)','0000-00-00','0000-00-00','0000-00-00'),(653,'Antonia Elenice da Silva Romualdo','1987-09-07',3,'','(88) 99795-7614','Wellington Martins','Matadouro',348,'2018-06-18','Antonia_Elenice_da_Silva_Romualdo(1987-09-07)','0000-00-00','0000-00-00','0000-00-00'),(654,'Suseanne Vieira','1987-12-07',3,'','(88) 99229-4836','Luis Algusto Nascimento','Edmilson Correia Vasconcelos',0,'2018-06-18','Suseanne_Vieira(1987-12-07)','0000-00-00','0000-00-00','0000-00-00'),(655,'Karla Paloma Araujo','2000-04-29',3,'','(88) 99329-1401','Francisco Holanda Dias','Rodoviária',0,'2018-06-18','Karla_Paloma_Araujo(2000-04-29)','0000-00-00','0000-00-00','0000-00-00'),(657,'Jose Raul Alves Gonçalves','1998-11-23',3,'','(88) 99682-0189','João Lucio do Carmo','Pompéia',0,'2018-06-18','Jose_Raul_Alves_Gonçalves(1998-11-23)','0000-00-00','0000-00-00','0000-00-00'),(658,'Dhiego Marques Gil Barbosa','1998-05-01',3,'','(88) 99421-8094','João Lucio do Carmo','Pompéia',4,'2018-06-18','Dhiego_Marques_Gil_Barbosa(1998-05-01)','0000-00-00','0000-00-00','0000-00-00'),(659,'Valderir Matias do Nascimento','1987-05-09',3,'','(88) 99202-6946','Lino Nobre Camara','Edmilson Correia Vasconcelos',85,'2018-06-18','Valderir_Matias_do_Nascimento(1987-05-09)','0000-00-00','0000-00-00','0000-00-00'),(660,'Antonio Jorge Cardoso Filho','1992-12-12',3,'','(88) 99265-6045','Afro Leal ','Monteiro de Morais',13,'2018-06-18','Antonio_Jorge_Cardoso_Filho(1992-12-12)','0000-00-00','0000-00-00','0000-00-00'),(661,'Ronaldo Teixeira Mauricio','1984-02-14',3,'','(88) 99841-8211','Rua Ednir Pinto Ferreira','Edmilson Correia Vasconcelos',0,'2018-06-18','Ronaldo_Teixeira_Mauricio(1984-02-14)','0000-00-00','0000-00-00','0000-00-00'),(662,'solange genuino leitão','1989-12-25',3,'','(88) 99615-0919','princesa isabel','Jose Aurelio Camara',100,'2018-06-18','solange_genuino_leitão(1989-12-25)','0000-00-00','0000-00-00','0000-00-00'),(663,'Lucicleide Bento','1996-10-15',3,'','(88) 99635-3876','DR MONTEIRO FILHO','Centro',0,'2018-06-19','Lucicleide_Bento(1996-10-15)','0000-00-00','0000-00-00','0000-00-00'),(664,'Licartys Rabelo de Lima','1998-07-30',3,'','(88) 99657-1141','Luiz Bernardo','Luiz Almdeida',0,'2018-06-19','Licartys_Rabelo_de_Lima(1998-07-30)','0000-00-00','0000-00-00','0000-00-00'),(665,'Eurisa Maria Carlos ','1965-11-04',3,'','(88) 99712-3773','Almeida dos Videntes','Destrito Industrial',0,'2018-06-19','Eurisa_Maria_Carlos_(1965-11-04)','0000-00-00','0000-00-00','0000-00-00'),(666,'Rubens Marlley Xavier','1991-05-29',3,'','(88) 99710-1104','25 de março','Centro',0,'2018-06-19','Rubens_Marlley_Xavier(1991-05-29)','0000-00-00','0000-00-00','0000-00-00'),(667,'Antonio  Rafael  da  Silva','1992-04-02',3,'','(88) 99992-7777','Quartel do Raio','Quartel do Raio',0,'2018-06-19','Antonio__Rafael__da__Silva(1992-04-02)','0000-00-00','0000-00-00','0000-00-00'),(668,'Isadora Santos  Tancire Chaves','2008-08-21',12,'','(85) 98125-9527','Leste Oeste','Edmilson Correia Vasconcelos',0,'2018-06-19','Isadora_Santos__Tancire_Chaves(2008-08-21)','0000-00-00','0000-00-00','0000-00-00'),(669,'Ulisses de Almeida Barbosa','2002-10-18',5,'','(88) 99253-4406','Valter Simão Abumaru','Edmilson Correia Vasconcelos',0,'2018-06-19','Ulisses_de_Almeida_Barbosa(2002-10-18)','0000-00-00','0000-00-00','0000-00-00'),(670,'Paula  Everton Tomé da Silva','1997-09-18',3,'','(88) 99326-2637','ALUISO MOTO SARAIVA','Distrito Industrial',0,'2018-06-19','Paula__Everton_Tomé_da_Silva(1997-09-18)','0000-00-00','0000-00-00','0000-00-00'),(671,'Paulo Everton Tomé da Silva','1997-09-18',3,'','(88) 99326-2637','Rua Aluisio Mota Saraiva','Distrito Industrial',0,'2018-06-19','Paulo_Everton_Tomé_da_Silva(1997-09-18)','0000-00-00','0000-00-00','0000-00-00'),(672,'Alan Wilck A. Condim','1992-06-30',3,'','(88) 99790-5091','Rua Ednir Pinto Ferreira','Edmilson Correia Vasconcelos',32,'2018-06-19','Alan_Wilck_A._Condim(1992-06-30)','0000-00-00','0000-00-00','0000-00-00'),(673,'Rodrigo Ribeiro Cosmo','1996-04-18',3,'','(88) 99949-1368','Avenida Geraldo Bizarria de Carvalho','José Airton Machado',0,'2018-06-19','Rodrigo_Ribeiro_Cosmo(1996-04-18)','0000-00-00','0000-00-00','0000-00-00'),(674,'Davi da Silva Lima Silvestre','1996-08-21',3,'','(88) 99990-0851','Manoel Ferreira e Silva','José Airton Machado',0,'2018-06-19','Davi_da_Silva_Lima_Silvestre(1996-08-21)','0000-00-00','0000-00-00','0000-00-00'),(675,'GEYVA DA SILVA DE SOUSA','1991-04-08',3,'','(88) 99728-7380','princesa isabel','Centro',80,'2018-06-19','GEYVA_DA_SILVA_DE_SOUSA(1991-04-08)','0000-00-00','0000-00-00','0000-00-00'),(676,'VITORIA DE ALMEIDA NUNES','2000-11-22',5,'','(88) 99218-0871','25 de março','Centro',33,'2018-06-19','VITORIA_DE_ALMEIDA_NUNES(2000-11-22)','0000-00-00','0000-00-00','0000-00-00'),(677,'ANGELA  MARIA DE ABREU','1993-08-12',3,'','(88) 99363-7478','José Campos Torquato','Rodoviária',351,'2018-06-19','ANGELA__MARIA_DE_ABREU(1993-08-12)','0000-00-00','0000-00-00','0000-00-00'),(678,'MARIANA BRITO DE LIMA','1996-07-27',5,'','(88) 99921-0810','ROBERTO CARNEIRO','Rodoviária',49,'2018-06-19','MARIANA_BRITO_DE_LIMA(1996-07-27)','0000-00-00','0000-00-00','0000-00-00'),(679,'MARIA DE FATIMA BRITO','1987-02-19',4,'','(88) 99238-8359','ALUISIO SIQUEIRA','José Airton Machado',0,'2018-06-19','MARIA_DE_FATIMA_BRITO(1987-02-19)','0000-00-00','0000-00-00','0000-00-00'),(680,'ANTONIO RENATO MOTA SARAIVA','1983-01-28',13,'','(88) 99975-3519','João Capistrano Saldanha','Edmilson Correia Vasconcelos',27,'2018-06-19','ANTONIO_RENATO_MOTA_SARAIVA(1983-01-28)','0000-00-00','0000-00-00','0000-00-00'),(681,'lidiane felipe de sousa silva','1985-07-18',3,'','(88) 99727-7595','Dr. Miguel Pinto','Centro',312,'2018-06-20','lidiane_felipe_de_sousa_silva(1985-07-18)','0000-00-00','0000-00-00','0000-00-00'),(682,'DANIELE BRITO DA ROCHA','1994-10-08',4,'','(88) 99418-0469','ALUISIO SIQUEIRA','JOSE AIRTON MACHADO',125,'2018-06-20','DANIELE_BRITO_DA_ROCHA(1994-10-08)','0000-00-00','0000-00-00','0000-00-00'),(683,'Herika Cosmo Martins','1996-07-26',3,'','(88) 99811-3151','Dr. Antonio Pinto de Medonça','Duque de Caxias',0,'2018-06-20','Herika_Cosmo_Martins(1996-07-26)','0000-00-00','0000-00-00','0000-00-00'),(684,'Douglas Saldanha','1991-05-18',15,'','(88) 99281-8819','Rua Aluisio Mota Saraiva','José Airton Machado',0,'2018-06-20','Douglas_Saldanha(1991-05-18)','0000-00-00','0000-00-00','0000-00-00'),(685,'Francisco Wilame da Silva Ferreira','1984-07-25',3,'','(88) 98857-5017','Luiz Augusto do Nascimento','Distrito Industrial',0,'2018-06-20','Francisco_Wilame_da_Silva_Ferreira(1984-07-25)','0000-00-00','0000-00-00','0000-00-00'),(686,'Igor Kainan Fernandes de Sousa','1997-09-28',3,'','(88) 99286-4369','Dora Lídia Oliveira','Centro',0,'2018-06-20','Igor_Kainan_Fernandes_de_Sousa(1997-09-28)','0000-00-00','0000-00-00','0000-00-00'),(687,'Sandra Maruza Saraiva Santos','1984-08-15',3,'','(85) 98125-9527','Leste Oeste ','Edmilson Correia Vasconcelos',59,'2018-06-20','Sandra_Maruza_Saraiva_Santos(1984-08-15)','0000-00-00','0000-00-00','0000-00-00'),(688,'Francisca Zelia Muniz Umberlino','1954-06-25',3,'','(88) 99991-5026','Jardim Norte','Edmilson Correia Vasconcelos',0,'2018-06-20','Francisca_Zelia_Muniz_Umberlino(1954-06-25)','0000-00-00','0000-00-00','0000-00-00'),(689,'francisco wilian soares','1998-06-08',3,'','(88) 99299-8471','jose liberato de freitas','Conjunto Esperança',0,'2018-06-20','francisco_wilian_soares(1998-06-08)','0000-00-00','0000-00-00','0000-00-00'),(690,'Ana mirelly laurentino','1995-10-10',3,'','(88) 99666-5473','Veriador Edmilson Patrício','Pompéia',56,'2018-06-20','Ana_mirelly_laurentino(1995-10-10)','0000-00-00','0000-00-00','0000-00-00'),(691,'ANA STELA OLIVEIRA LIMA','1997-10-06',3,'','(88) 99616-6029','Av. 13 de Junho','CENTRO',879,'2018-06-20','ANA_STELA_OLIVEIRA_LIMA(1997-10-06)','0000-00-00','0000-00-00','0000-00-00'),(692,'Robson Araújo da Silva','1999-12-27',5,'','(88) 99312-7054','Adolfo Nogueira','Conjunto Esperança',0,'2018-06-20','Robson_Araújo_da_Silva(1999-12-27)','0000-00-00','0000-00-00','0000-00-00'),(693,'Paloma da Silva Araújo','1997-03-03',3,'','(88) 99965-1637','Avenida Geraldo Bizarria de Carvalho','Edmilson Correia Vasconcelos',0,'2018-06-20','Paloma_da_Silva_Araújo(1997-03-03)','0000-00-00','0000-00-00','0000-00-00'),(694,'joão Victor Santiago de Lima','1995-08-10',3,'','(88) 99815-5658','Gregório Veriadiano','José Airton Machado',0,'2018-06-20','joão_Victor_Santiago_de_Lima(1995-08-10)','0000-00-00','0000-00-00','0000-00-00'),(695,'Francisco Hidalecio Fernandes','1979-07-10',3,'','(85) 99973-8182','Ana Almeida Machado','Edmilson Correia Vasconcelos',0,'2018-06-21','Francisco_Hidalecio_Fernandes(1979-07-10)','0000-00-00','0000-00-00','0000-00-00'),(696,'Antonio Danilo S. Nogueira','1988-05-09',3,'','(88) 99411-1453','Luiz Lourenço da Silva','Edmilson Correia Vasconcelos',0,'2018-06-21','Antonio_Danilo_S._Nogueira(1988-05-09)','0000-00-00','0000-00-00','0000-00-00'),(697,'Ana Priscilla dos Santos Martins','1987-09-12',3,'','(88) 99233-1967','Rua das Gardênias ','Salviano Carlos',0,'2018-06-21','Ana_Priscilla_dos_Santos_Martins(1987-09-12)','0000-00-00','0000-00-00','0000-00-00'),(698,'Carla Gardênia de Lima','1988-11-21',7,'','(88) 99264-4553','Rua Francisco Medeiros','Pompéia',0,'2018-06-22','Carla_Gardênia_de_Lima(1988-11-21)','0000-00-00','0000-00-00','0000-00-00'),(699,'Sizy Brenda de Melo','1997-10-25',3,'','(88) 99302-2970','Rua Francisco Medeiros','Pompéia',0,'2018-06-22','Sizy_Brenda_de_Melo(1997-10-25)','0000-00-00','0000-00-00','0000-00-00'),(700,'Maria Eduarda Vieira de Lima','1997-11-22',3,'','(88) 99241-2534','José Simão Filho','Edmilson Correia Vasconcelos',0,'2018-06-22','Maria_Eduarda_Vieira_de_Lima(1997-11-22)','0000-00-00','0000-00-00','0000-00-00'),(701,'Renata Suelly Gomes dos Santos','1994-08-08',9,'','(88) 99424-5140','Rua G','Choab',0,'2018-06-22','Renata_Suelly_Gomes_dos_Santos(1994-08-08)','0000-00-00','0000-00-00','0000-00-00'),(702,'Raquel Leny A. Carvalho','1979-02-22',3,'','(88) 99907-9334','Avenida Geraldo Bizarria de Carvalho','Edmilson Correia Vasconcelos',0,'2018-06-22','Raquel_Leny_A._Carvalho(1979-02-22)','0000-00-00','0000-00-00','0000-00-00'),(703,'Andre Santos','1991-10-16',3,'','(88) 99333-1541','Rua Afonso Ricardo','Jaime Lopes',0,'2018-06-22','Andre_Santos(1991-10-16)','0000-00-00','0000-00-00','0000-00-00'),(704,'Suilano de Sousa Arsene','1988-02-21',3,'','(88) 99260-8560','José edite dos santos','pompeia',0,'2018-06-22','Suilano_de_Sousa_Arsene(1988-02-21)','0000-00-00','0000-00-00','0000-00-00'),(706,'Natália Maria da Silva ','1987-08-17',9,'','(88) 99403-9592','Ruas das Angélicas','Salviano Carlos',0,'2018-06-23','Natália_Maria_da_Silva_(1987-08-17)','0000-00-00','0000-00-00','0000-00-00'),(707,'Jeize Rodrigues Olanda','1995-03-21',3,'','(88) 99920-4667','Nossa Senhora das Graças','Salviano Carlos',0,'2018-06-25','Jeize_Rodrigues_Olanda(1995-03-21)','0000-00-00','0000-00-00','0000-00-00'),(708,'Maria Jose de Almeida','1980-06-17',3,'','(88) 99208-4667','Rua J','Salviano Carlos',116,'2018-06-25','Maria_Jose_de_Almeida(1980-06-17)','0000-00-00','0000-00-00','0000-00-00'),(709,'Maria Ivanete da Silva Benício ','1989-07-21',3,'','(88) 99914-8595','Rua Travessa Bento Rocha Lima','Edmilson Correia Vasconcelos',0,'2018-06-25','Maria_Ivanete_da_Silva_Benício_(1989-07-21)','0000-00-00','0000-00-00','0000-00-00'),(710,'Maria da Conceição Araujo do Carmo','1974-06-20',3,'','(88) 99960-0168','Joel Nunes ','Rodoviária',28,'2018-06-25','Maria_da_Conceição_Araujo_do_Carmo(1974-06-20)','0000-00-00','0000-00-00','0000-00-00'),(711,'Loanda Cruz Barbosa Cristino','1981-07-25',3,'','(88) 99947-7901','Alameda das Violetas','Edmilson Correia Vasconcelos',0,'2018-06-25','Luanda_Cruz_Barbosa_Cristino(1981-07-25)','0000-00-00','0000-00-00','0000-00-00'),(712,'Tayana Maria de Assis Freitas','1997-07-13',5,'','(88) 99409-5851','José Campos Torquato','Edmilson Correia Vasconcelos',0,'2018-06-25','Tayana_Maria_de_Assis_Freitas(1997-07-13)','0000-00-00','0000-00-00','0000-00-00'),(713,'Mariana Oliveira Custódio','1999-05-31',3,'','(88) 99702-0398','Conêgo Pinto','Centro',0,'2018-06-25','Mariana_Oliveira_Custódio(1999-05-31)','0000-00-00','0000-00-00','0000-00-00'),(714,'Shely Emylle Oliveira Alves','1999-06-09',3,'','(88) 99715-1596','José Capistrano','Centro',0,'2018-06-25','Shely_Emylle_Oliveira_Alves(1999-06-09)','0000-00-00','0000-00-00','0000-00-00'),(715,'Jacke Lima','1983-06-30',3,'','(88) 99265-8453','Luiz Almeida','Conjunto Esperança',0,'2018-06-25','Jacke_Lima(1983-06-30)','0000-00-00','0000-00-00','0000-00-00'),(716,'Niviane de Sousa Silva','1991-06-17',3,'','(88) 99349-2125','Travessa Joãob Capistrano Saldanha','Destrito Industrial',0,'2018-06-25','Niviane_de_Sousa_Silva(1991-06-17)','0000-00-00','0000-00-00','0000-00-00'),(717,'Renata Mesquita do Nascimento','1994-01-25',3,'','(88) 99438-8961','Travessa Cornelio Fernandes','José Aurélio Câmara',0,'2018-06-25','Renata_Mesquita_do_Nascimento(1994-01-25)','0000-00-00','0000-00-00','0000-00-00'),(718,'Antonio Eudalio de Sousa','1996-10-02',3,'','(88) 99480-2696','Cleosson Siqueira','Antonio Cisnando',0,'2018-06-25','Antonio_Eudalio_de_Sousa(1996-10-02)','0000-00-00','0000-00-00','0000-00-00'),(719,'Bruno Pimentel Fernandes','1987-03-28',3,'','(88) 99715-4200','DR MONTEIRO FILHO','Centro',303,'2018-06-25','Bruno_Pimentel_Fernandes(1987-03-28)','0000-00-00','0000-00-00','0000-00-00'),(720,'Savia Rene Cavalcante Batista ','1987-03-09',3,'','(88) 99941-2449','Teófilo Lessa','Altas',0,'2018-06-25','Savia_Rene_Cavalcante_Batista_(1987-03-09)','0000-00-00','0000-00-00','0000-00-00'),(721,'Amanda Aparecida S. Batista','1999-04-23',3,'','(88) 99260-1812','Dom Quintino ','Centro',0,'2018-06-25','Amanda_Aparecida_S._Batista(1999-04-23)','0000-00-00','0000-00-00','0000-00-00'),(722,'Roberto Gabriel Nobre Saraiva','1996-07-22',3,'','(88) 99996-5544','Dom Carloto Tavora','Montese',0,'2018-06-26','Roberto_Gabriel_Nobre_Saraiva(1996-07-22)','0000-00-00','0000-00-00','0000-00-00'),(723,'Samia Monteiro da Silva','1997-06-11',3,'','(88) 99203-8117','Jose Campos Torquato','Rodoviária',0,'2018-06-26','Samia_Monteiro_da_Silva(1997-06-11)','0000-00-00','0000-00-00','0000-00-00'),(724,'Francisco Jhonny da Silva','1991-07-05',3,'','(88) 99493-1077','Américo Militão','Centro',0,'2018-06-26','Francisco_Jhonny_da_Silva(1991-07-05)','0000-00-00','0000-00-00','0000-00-00'),(725,'Emilia Gabrielly Santiago Ribeiro','2000-10-10',3,'','(88) 99443-2482','Cleodon Siqueira','Vila São Paulo',0,'2018-06-26','Emilia_Gabrielly_Santiago_Ribeiro(2000-10-10)','0000-00-00','0000-00-00','0000-00-00'),(726,'Maria Iasmim Alves','2001-02-23',3,'','(88) 99322-5668','Fazenda Aroeiras','Zona Rural',0,'2018-06-26','Maria_Iasmim_Alves(2001-02-23)','0000-00-00','0000-00-00','0000-00-00'),(727,'Charliane Gomes da Silva','1987-11-07',3,'','(88) 99911-3049','Joel Nunes','Rodoviária',0,'2018-06-27','Charliane_Gomes_da_Silva(1987-11-07)','0000-00-00','0000-00-00','0000-00-00'),(729,'Elizangela Fernandes Teixeira','1986-08-20',3,'','(88) 99472-4121','ROBERTO CARNEIRO','Rodoviária',0,'2018-06-27','Elizangela_Fernandes_Teixeira(1986-08-20)','0000-00-00','0000-00-00','0000-00-00'),(730,'Nayara Nagila do Nascimento','1991-11-24',3,'','(88) 99425-5773','Jardim Norte 1','Sabonete',0,'2018-06-27','Nayara_Nagila_do_Nascimento(1991-11-24)','0000-00-00','0000-00-00','0000-00-00'),(731,'Raquel  Vieira da Silva','1994-10-21',3,'','(88) 99425-5773','Jaraim Norte 1','Sabonete',0,'2018-06-27','Raquel__Vieira_da_Silva(1994-10-21)','0000-00-00','0000-00-00','0000-00-00'),(732,'Kamila Elen Alves Nogueiro','1997-09-19',5,'','(88) 99701-5232','Paulino de Morais','Jaime Lopes',0,'2018-06-27','Kamila_Elen_Alves_Nogueiro(1997-09-19)','0000-00-00','0000-00-00','0000-00-00'),(733,'Emerson Rodrigo da Silva Lemos','1998-05-25',3,'','(88) 99309-8354','João Lucio do Carmo','Pompéia',0,'2018-06-28','Emerson_Rodrigo_da_Silva_Lemos(1998-05-25)','0000-00-00','0000-00-00','0000-00-00'),(734,'Ana Cleta Vitor','1968-08-12',3,'','(88) 99913-2868','Joel Nunes','Rodoviária',0,'2018-06-28','Ana_Cleta_Vitor(1968-08-12)','0000-00-00','0000-00-00','0000-00-00'),(735,'Maisa Rabelo','1995-03-19',4,'','(88) 99961-2098','25 de março','Monteiro de Morais',0,'2018-06-28','Maisa_Rabelo(1995-03-19)','0000-00-00','0000-00-00','0000-00-00'),(736,'Willamy  Pinheiro Alves','1988-11-30',3,'','(88) 99765-0209','Handing Paulo Junior','Vila São Paulo',0,'2018-06-28','Willamy__Pinheiro_Alves(1988-11-30)','0000-00-00','0000-00-00','0000-00-00'),(737,'Yara Vieira Bezerra','1996-02-15',3,'','(88) 99921-0945','Av. Geraldo Bizarria de Carvalho','Edmilson Correia Vasconcelos',247,'2018-06-29','Yara_Vieira_Bezerra(1996-02-15)','0000-00-00','0000-00-00','0000-00-00'),(738,'Talita Rodrigues de Araújo','2000-06-04',3,'','(88) 99266-3257','9 DE JANEIRO','Rodoviária',0,'2018-06-29','Talita_Rodrigues_de_Araújo(2000-06-04)','0000-00-00','0000-00-00','0000-00-00'),(740,'Francisco Bruno de Lima','1995-12-11',3,'','(88) 99949-1578','Dr. Miguel Pinto','Centro',12,'2018-07-03','','0000-00-00','0000-00-00','0000-00-00'),(742,'Pedro Henrique Batista da Silva','2004-02-02',4,'','(88) 99791-1630','Travessa Bento Rocha Lima ','distrito industrial',3,'2018-07-03','','0000-00-00','0000-00-00','0000-00-00'),(743,'Andreza Monica','1994-10-28',3,'','(88) 99689-7434','Travessa Bento Rocha Lima','distrito industrial',3,'2018-07-03','','0000-00-00','0000-00-00','0000-00-00'),(744,'Antonia Daine Girãodo Nascimento','1996-09-04',3,'','(88) 98107-9377','Jascinto Marques','Pompeia',345,'2018-07-03','','0000-00-00','0000-00-00','0000-00-00'),(745,'Gabrielly Pereira da Silva','2002-09-06',5,'','(88) 99291-3250','Tarciane Viana','Edmilson Correira Vasconcelos',291,'2018-07-03','','0000-00-00','0000-00-00','0000-00-00'),(746,'Francisco Marlos Nunes da Silva','1996-03-04',4,'','(88) 99490-3297','Jardim Norte 1','Sabonete',10,'2018-07-03','','0000-00-00','0000-00-00','0000-00-00'),(747,'Alex Silva do Nascimento','1996-05-29',3,'','(88) 99482-2886','Rua João Wendel de Oliveira','distrito industrial',29,'2018-07-03','','0000-00-00','0000-00-00','0000-00-00'),(748,'Antonio Evay Rodrigues de Almeida','1994-03-01',6,'','(88) 99336-6593','Leste Oeste 4','Edmilson Correira Vasconcelos',24,'2018-07-03','','0000-00-00','0000-00-00','0000-00-00'),(749,'Maria Suyane Ferreira Barbosa','1996-02-03',3,'','(88) 99476-6448','Cleondo Siqueira','Vila União',11,'2018-07-03','','0000-00-00','0000-00-00','0000-00-00'),(750,'Sulyanne da Silva Ferreira','1993-03-11',4,'','(88) 99940-1466','Dr. Gaspar','Centro',147,'2018-07-03','','0000-00-00','0000-00-00','0000-00-00'),(751,'Carlos Tecio Matias de Farias','1998-03-06',3,'','(88) 99238-9445','Gregório Veridiano da Silva','José Airton Machado',21,'2018-07-03','','0000-00-00','0000-00-00','0000-00-00'),(752,'Jessica Magda Miranda','1993-02-04',3,'','(88) 99765-1423','Av Desembargador Américo Militão','Edmilson Correira Vasconcelos',1558,'2018-07-03','','0000-00-00','0000-00-00','0000-00-00'),(753,'Samara Fernandes de Almeida','1984-10-15',3,'','(88) 99958-9835','Ana Mota Almeida','Edmilson Correira Vasconcelos',64,'2018-07-03','','0000-00-00','0000-00-00','0000-00-00'),(754,'Clestenis Aires Celedonio','1978-11-23',3,'','(88) 99691-7611','Avenida Geraldo Bizarria de Carvalho','Edmilson Correira Vasconcelos',1,'2018-07-03','','0000-00-00','0000-00-00','0000-00-00'),(755,'Samia Jamily','1985-07-19',3,'','(88) 99995-0277','Luiza Correa','Edmilson Correira Vasconcelos',11,'2018-07-03','','0000-00-00','0000-00-00','0000-00-00'),(756,'Ana Isaura de Almeida Martins','1999-05-12',3,'','(88) 99618-6598','Ana Késsia Costa','Duque de Caxias',11,'2018-07-03','','0000-00-00','0000-00-00','0000-00-00'),(757,'Wanessa Costa Magalhães ','1999-12-23',3,'','(88) 99944-2154','José Luis da Correia ','Edmilson Correira Vasconcelos',24,'2018-07-03','','0000-00-00','0000-00-00','0000-00-00'),(758,'Pedro Rossi','2004-07-25',5,'','(88) 99837-8417','samuel lopes','Antonio Cisnando',66,'2018-07-03','','0000-00-00','0000-00-00','0000-00-00'),(759,'Mercya Pinheiro Paulino','1996-03-28',3,'','(88) 99664-8702','Dona Maria Saraiva','Rodoviária ',1,'2018-07-03','','0000-00-00','0000-00-00','0000-00-00'),(760,'Roberto da Cruz Sousa','1996-07-10',3,'','(88) 99219-3530','Travessa Luciano Coutinho','Conjunto esperança',10,'2018-07-03','','0000-00-00','0000-00-00','0000-00-00'),(761,'Idalia Pimenta Felicio Saldanha','1996-10-25',3,'','(88) 99996-3171','Manoe Ferreira Silva','José Airton Machado',1,'2018-07-03','','0000-00-00','0000-00-00','0000-00-00'),(762,'Antonio Marcio Domingos','1991-08-14',3,'','(88) 99255-6905','Quadra 26','Jardim Norte 1',11,'2018-07-04','','0000-00-00','0000-00-00','0000-00-00'),(763,'Thiago Pimenta Saldanha','2001-10-22',3,'','(88) 99755-1912','Manoe Ferreira Silva','Rodoviária',152,'2018-07-04','','0000-00-00','0000-00-00','0000-00-00'),(764,'Renaldo Oliveira Medeiros','1979-07-20',3,'','(88) 99461-9414','Rua das Angélicas','Monte Flor',72,'2018-07-04','','0000-00-00','0000-00-00','0000-00-00'),(765,'Alan Nascimento','1996-03-07',4,'','(88) 99455-6408','Antonio Bezerra','Monteiro de Morais ',120,'2018-07-04','','0000-00-00','0000-00-00','0000-00-00'),(766,'Antonio Rafael de Miranda Leite','1995-06-26',3,'','(88) 99712-6501','Manoe Ferreira Silva','José Airton Machado',1,'2018-07-04','','0000-00-00','0000-00-00','0000-00-00'),(767,'Andresa Stefany Barbosa','1996-02-26',3,'','(88) 99202-7043','José Simão Filho','Edmilson Correira Vasconcelos',267,'2018-07-04','','0000-00-00','0000-00-00','0000-00-00'),(768,'Jalleson Sousa Silva','1997-04-30',3,'','(88) 99412-5971','Douglas Coutinho','Pompeia',1,'2018-07-04','','0000-00-00','0000-00-00','0000-00-00'),(769,'Paulo Vitor da Silva Santiago','1987-07-20',3,'','(88) 99492-0911','Rua I','coahb',1,'2018-07-04','','0000-00-00','0000-00-00','0000-00-00'),(770,'Elieuda Pereira Silva','1987-02-10',3,'','(88) 99216-1648','José Campos Torquato','Rodoviária',1,'2018-07-04','','0000-00-00','0000-00-00','0000-00-00'),(771,'Juliano Gerônimo Nobre','1992-03-18',4,'','(88) 99285-2819','Avenida Geraldo Bizarria de Carvalho','Edmilson Correira Vasconcelos',1,'2018-07-04','','0000-00-00','0000-00-00','0000-00-00'),(773,'Ciranara Braz Rodrigues ','1987-04-12',3,'','(88) 99814-2001','Ana Kessia Costa Vasques','Duque de Caxias',1,'2018-07-04','','0000-00-00','0000-00-00','0000-00-00'),(774,'Mara Rafaella Martins','1992-06-02',3,'','(88) 99668-5196','Dias Ferreira','Centro',1,'2018-07-04','','0000-00-00','0000-00-00','0000-00-00'),(775,'Francisco Rodrigo ','1991-12-24',3,'','(88) 99667-6711','Carlos Alberto','distrito industrial',1,'2018-07-05','','0000-00-00','0000-00-00','0000-00-00'),(776,'Karliana Paulino Moreira','1985-04-30',4,'','(88) 99235-8716','Dr. Gaspar','Centro',111,'2018-07-05','','0000-00-00','0000-00-00','0000-00-00'),(777,'Darlyn Lohana Paulino Moreira','2007-05-04',9,'','(88) 99235-8716','Dr. Gaspar','Centro',111,'2018-07-05','','0000-00-00','0000-00-00','0000-00-00'),(778,'Karla Layra Moreira Oliveira','2001-05-30',4,'','(88) 99235-8716','Dr. Gaspar','Centro',111,'2018-07-05','','0000-00-00','0000-00-00','0000-00-00'),(779,'Matheus Ferreira Coutinho','1994-02-21',3,'','(88) 99451-8943','José Campos Torquato','Rodoviária',1,'2018-07-05','','0000-00-00','0000-00-00','0000-00-00'),(780,'Luiza Eleciuda dos Santos','1991-04-04',3,'','(88) 99333-1704','Rua Francisco Patrício de Almeida','Pompeia',158,'2018-07-05','','0000-00-00','0000-00-00','0000-00-00'),(781,'Adriana Carneiro dos Anjos','1994-05-20',3,'','(88) 99276-5337','Presidente Juscelino','Vila eloi',196,'2018-07-05','','0000-00-00','0000-00-00','0000-00-00'),(782,'David Cavalcante da Silva','1996-11-06',3,'','(88) 99690-0318','25 de Março','Aurélio Camara ',322,'2018-07-09','','0000-00-00','0000-00-00','0000-00-00'),(783,'Joana Dark Juca de Soussa','1985-04-16',3,'','(88) 99256-7856','Rua Honorato Pinto','Edmilson Correira Vasconcelos',23,'2018-07-10','','0000-00-00','0000-00-00','0000-00-00'),(784,'teste','1999-09-10',3,'','(88) 99476-6448','teste','Sabonete',11,'2018-07-10','','0000-00-00','0000-00-00','0000-00-00'),(785,'Maria Clara de Almeida ','1999-09-13',3,'','(88) 99799-5555','Edmilson Correia Vasconcelos','distrito industrial',1,'2018-07-12','','0000-00-00','0000-00-00','0000-00-00'),(786,'Andre da Silva de Santana','1990-06-26',3,'','(85) 99847-3355','Roberto Carneiro ','José Airton Machado',37,'2018-07-12','','0000-00-00','0000-00-00','0000-00-00'),(787,'Francisco Arlan de Lima','1974-05-12',5,'','(88) 99402-7747','Marina de Oliveira','Edmilson Correira Vasconcelos',10,'2018-07-12','','0000-00-00','0000-00-00','0000-00-00'),(788,'Victtor Mello','2006-04-25',3,'','(88) 99300-9113','Dr. Monteiro Filho','Rodoviária',1,'2018-07-12','','0000-00-00','0000-00-00','0000-00-00'),(789,'Rosimeire da Silva Lemos','1982-05-29',3,'','(88) 99285-5767','José Apolônio da Silva','Alto da Colina',140,'2018-07-12','','0000-00-00','0000-00-00','0000-00-00'),(790,'Glauber Marques Felix','1991-12-16',3,'','(88) 99346-7670','José Medeiros de Freitas','distrito industrial',68,'2018-07-12','','0000-00-00','0000-00-00','0000-00-00'),(791,'Pedro Mariano Barba','1998-08-05',3,'','(88) 99932-6737','Miguel Câmara','Centro',12,'2018-07-12','','0000-00-00','0000-00-00','0000-00-00'),(792,'Antonio Jeimison ferreira Diógenes','0997-11-15',5,'','(88) 99212-3268','Teofilo lessa','Monteiro de Morais',12,'2018-07-12','','0000-00-00','0000-00-00','0000-00-00'),(794,'Rodrigo da Silva Pinto','1980-08-28',3,'','(88) 99664-6013','Eduardo','Salviano Carlos',78,'2018-07-13','','0000-00-00','0000-00-00','0000-00-00'),(796,'Francisca Iara de Sousa Matos','1992-01-03',4,'','(88) 99232-9412','Avenida Geraldo Bizarria de Carvalho','Edmilson Correira Vasconcelos',1,'2018-07-13','','0000-00-00','0000-00-00','0000-00-00'),(797,'Tyago Bezerra de Sousa','0989-11-04',3,'','(88) 99904-3535','Raimundo Ferreira ','Edmilson Correira Vasconcelos',4,'2018-07-13','','0000-00-00','0000-00-00','0000-00-00'),(798,'Cristiane do N. Oliveira','1976-09-24',3,'','(88) 99470-0780','Travessa Bento Rocha Lima','Edmilson Correira Vasconcelos',67,'2018-07-13','','0000-00-00','0000-00-00','0000-00-00'),(799,'Nayana Vasconcelos Rocha','1986-02-11',3,'','(88) 99713-3210','Maria Zilda L Rocha','Edmilson Correira Vasconcelos',12,'2018-07-13','','0000-00-00','0000-00-00','0000-00-00'),(800,'Monique Vitoria Moura Bandeira','2003-03-21',3,'','(88) 99470-1150','Jair Cancelo','Pompeia',15,'2018-07-13','','0000-00-00','0000-00-00','0000-00-00'),(801,'Saskia Holanda Maia','1989-04-15',3,'','(88) 99816-6644','Teixeira de Freitas','Centro',5,'2018-07-13','','0000-00-00','0000-00-00','0000-00-00'),(802,'Helton Gondim Barros','1998-07-02',3,'','(88) 99231-1763','Bento Rocha de Lima','Edmilson Correira Vasconcelos',28,'2018-07-13','','0000-00-00','0000-00-00','0000-00-00'),(803,'Dalila de Araujo Pereira','1988-07-22',4,'','(88) 99236-2110','Walter Simão','Edmilson Correira Vasconcelos',12,'2018-07-13','','0000-00-00','0000-00-00','0000-00-00'),(804,'Patricia Pereira Sousa','1983-12-31',4,'','(88) 99641-4520','Morena de Oliveira','Edmilson Correira Vasconcelos',116,'2018-07-13','','0000-00-00','0000-00-00','0000-00-00'),(805,'Ronildo Farias dos Santos','1997-08-10',3,'','(88) 99815-4591','Gregório Veridiano da Silva','Rodoviária',24,'2018-07-13','','0000-00-00','0000-00-00','0000-00-00'),(806,'Laisa Pimentel Nogueira','2003-06-18',3,'','(88) 99954-1990','Maria do Socorro','Centro',52,'2018-07-13','','0000-00-00','0000-00-00','0000-00-00'),(807,'Jonas Pereira da Silva','1981-08-14',3,'','(88) 99194-0420','Luiz Augusto','Edmilson Correira Vasconcelos',157,'2018-07-13','','0000-00-00','0000-00-00','0000-00-00'),(808,'Antonio Evandro de Araujo','1072-12-10',3,'','(88) 99230-7758','Edmilson Pinto','Edmilson Correira Vasconcelos',1,'2018-07-13','','0000-00-00','0000-00-00','0000-00-00'),(809,'Davyd Alves dos Santos','1999-06-08',3,'','(88) 99268-6322','Travessa Isa ','José Airton Machado',34,'2018-07-13','','0000-00-00','0000-00-00','0000-00-00'),(810,'Mauro Cesar Paz de Moura','1997-07-19',3,'','(88) 99342-1605','Joel Alves','Rodoviária',945,'2018-07-13','','0000-00-00','0000-00-00','0000-00-00'),(811,'Roberto de Oliveia Coutinho','2000-04-09',3,'','(88) 99431-0077','Aloisio Siqueira','Rodoviária',87,'2018-07-13','','0000-00-00','0000-00-00','0000-00-00'),(812,'Eliane C. do Amaral','1987-11-24',3,'','(88) 99240-6665','Joaquim Fernandes','Centro',629,'2018-07-13','','0000-00-00','0000-00-00','0000-00-00'),(813,'Mayara Oliveira da Silva','1991-11-01',3,'','(88) 99239-4591','Euclides Vicar','Monteiro de Morais',545,'2018-07-13','','0000-00-00','0000-00-00','0000-00-00'),(814,'Francisco Gilliard Oliveira','1981-05-12',3,'','(88) 99913-9402','Pedro coutinho','Pompeia',79,'2018-07-13','','0000-00-00','0000-00-00','0000-00-00'),(815,'Itamar William de Souza  Silva','1996-07-30',7,'','(88) 99270-3544','Av Desembargador Américo Militão','Jos´',571,'2018-07-14','','0000-00-00','0000-00-00','0000-00-00'),(816,'Claudiana de Souza Silva','1976-03-16',7,'','(88) 99451-2249','Av Desembargador Américo Militão','José Airton Machado',571,'2018-07-14','','0000-00-00','0000-00-00','0000-00-00'),(817,'Maria do Socorro Nogueira Nobre','1971-08-13',7,'','(88) 99418-5082','Izaura Camello','Edmilson Correira Vasconcelos',51,'2018-07-14','','0000-00-00','0000-00-00','0000-00-00'),(818,'Ana Tarine Pinheiro de Lima','1997-07-10',5,'','(88) 99649-9427','José Gonçalves Pinheiro','Edmilson Correira Vasconcelos',21,'2018-07-14','','0000-00-00','0000-00-00','0000-00-00'),(819,'Maria Fiama de Brito','1992-05-31',4,'','(88) 99318-7230','Luciana Correia','Edmilson Correira Vasconcelos',41,'2018-07-14','','0000-00-00','0000-00-00','0000-00-00'),(820,'Loiana da Silva','1989-11-04',3,'','(88) 98129-7655','José Gonçalves Pinheiro','Edmilson Correira Vasconcelos',21,'2018-07-14','','0000-00-00','0000-00-00','0000-00-00'),(821,'Ana Virginia de Oliveira','1988-11-05',3,'','(88) 99873-5234','Raimundo Ferreira','Edmilson Correira Vasconcelos',8,'2018-07-14','','0000-00-00','0000-00-00','0000-00-00'),(822,'Teresa Maria Carlos Martins','1965-11-05',3,'','(88) 99712-3773','Rua Alameda das Violetas, Bloco J, Ape 102','Distrito Industrial',102,'2018-07-16','','0000-00-00','0000-00-00','0000-00-00'),(823,'Ashely Chiara Arruda','1994-06-15',3,'','(88) 99668-5936','Avenida Damião Carneiro','Centro',1,'2018-07-18','','0000-00-00','0000-00-00','0000-00-00'),(824,'Hiago Silva Souza ','1997-03-21',3,'','(88) 99455-6426','Antonio Conselheiro','Centro',568,'2018-07-18','','0000-00-00','0000-00-00','0000-00-00'),(825,'Clemilson Texeira ','1988-10-12',3,'','(88) 99713-4859','Andrade Furtato','Centro',35,'2018-07-18','','0000-00-00','0000-00-00','0000-00-00'),(826,'Hyago Souza Brasil','0200-03-01',3,'','(88) 99641-0285','Almeida das Violetas','distrito industrial',12,'2018-07-19','','0000-00-00','0000-00-00','0000-00-00'),(827,'Aline Pereira do nascimento','1986-11-11',3,'','(88) 99938-8802','Marina de Oliveira','Edmilson Correira Vasconcelos',23,'2018-07-19','','0000-00-00','0000-00-00','0000-00-00'),(828,'Marcos Vinicius  Alves da Silva','2000-03-18',3,'','(88) 99947-0576','Veriado Edmilson','Salviano Carlos',291,'2018-07-19','','0000-00-00','0000-00-00','0000-00-00'),(829,'Anderson Luis da Silva','1986-09-11',3,'','(88) 99222-2895','Paulo Mauricio','Edmilson Correira Vasconcelos',54,'2018-07-19','','0000-00-00','0000-00-00','0000-00-00'),(830,'Francisco Evilanio de Abreu','1997-07-13',3,'','(88) 99731-6154','Lourenço da Silva','Edmilson Correira Vasconcelos',12,'2018-07-19','','0000-00-00','0000-00-00','0000-00-00'),(831,'Kauan Rocha','1999-10-08',3,'','(88) 99295-4643','Amísio Mendes','Centro',1,'2018-07-19','','0000-00-00','0000-00-00','0000-00-00'),(832,'Francisco Gerson da Rocha','1982-05-11',3,'','(88) 99729-0387','Luia Lourenço da Silva','Edmilson Correira Vasconcelos',12,'2018-07-19','','0000-00-00','0000-00-00','0000-00-00'),(833,'Ana Paula Sousa de Lima','1983-07-24',3,'','(88) 99378-7362','Rua Bento Rocha','Edmilson Correira Vasconcelos',23,'2018-07-19','','0000-00-00','0000-00-00','0000-00-00'),(834,'Decy Castro ','1963-10-03',3,'','(88) 98135-7108','Euclides Vicar','Monteiro de Morais',1,'2018-07-19','','0000-00-00','0000-00-00','0000-00-00'),(835,'Laiana da Silva Lúcio','1989-11-04',3,'','(88) 98129-7655','José Gonçalves Pinheiro','Edmilson Correira Vasconcelos',21,'2018-07-19','','0000-00-00','0000-00-00','0000-00-00'),(836,'Daniela de Almeida Feitosa Gomes','1970-09-12',3,'','(88) 99679-3641','Avenida Geraldo Bizarria de Carvalho','Edmilson Correira Vasconcelos',1,'2018-07-19','','0000-00-00','0000-00-00','0000-00-00'),(837,'Jamylle Barbosa Macedo de Sousa','1988-02-22',3,'','(88) 99845-3565','Teofilo lessa','Monteiro de Morais',571,'2018-07-19','','0000-00-00','0000-00-00','0000-00-00'),(838,'Humberto Oliveira Sousa ','1968-09-07',4,'','(88) 99933-3030','Paulo Mauricio','distrito industrial',12,'2018-07-19','','0000-00-00','0000-00-00','0000-00-00'),(839,'Clemilson Texeira','1988-10-12',3,'','(88) 99573-4859','Andrade Furtato','Centro',35,'2018-07-19','','0000-00-00','0000-00-00','0000-00-00'),(840,'Ivone Araujo da Silva','1997-02-10',3,'','(88) 99207-5589','Antonio Suza','Depósito',420,'2018-07-19','','0000-00-00','0000-00-00','0000-00-00'),(841,'Francisca Vilmaneide da Silva','1971-06-25',4,'','(88) 96666-5430','Dona Maria Saraiva','José Airton Machado',12,'2018-07-19','','0000-00-00','0000-00-00','0000-00-00'),(842,'ADAILSON BARBOSA ALVES','1990-02-25',4,'','(88) 99200-7385','LUISA CORREIA','EDMILSON CORREIA DE VASCONCELOS',410,'2018-07-20','','0000-00-00','0000-00-00','0000-00-00'),(843,'FRANCISCA VILMANEIDE DA SILVA RODRIGUES','1971-06-25',3,'','(88) 99666-5430','DONA MARIA SARAIVA','JOSE AIRTON MACHADO',20,'2018-07-20','','0000-00-00','0000-00-00','0000-00-00'),(844,'EVANDERSON HONORATO LEITE','1995-01-03',3,'','(88) 99295-1112','ANTONIO ZUZA','DEPOSITO',420,'2018-07-20','','0000-00-00','0000-00-00','0000-00-00'),(845,'Adelio Madeiro de Almeida','1991-03-07',6,'','(88) 99618-4496','Manoe Ferreira Silva','Edmilson Correira Vasconcelos',1,'2018-07-23','','0000-00-00','0000-00-00','0000-00-00'),(846,'Ana Lucia Ferreira de Oliveira','1985-07-03',6,'','(88) 99229-6489','Rua Castelo Branco','Bairro Monteiro de Morais',141,'2018-07-26','','0000-00-00','0000-00-00','0000-00-00'),(847,'Lucas Queiroz de Araujo','1994-10-25',8,'','(85) 99934-7998','Pedreiras','Pedreiras',1,'2018-07-26','','0000-00-00','0000-00-00','0000-00-00'),(848,'Daniele Edwirges Diogenes','1992-12-03',6,'','(88) 99489-5350','Jose Andre Mota','Rodoviária',1260,'2018-07-26','','0000-00-00','0000-00-00','0000-00-00'),(849,'Daiana Maria Santiago','1991-04-14',3,'','(88) 99816-9791','Rua Flavio Genesio Fernandes ','Rodoviária',39,'2018-07-26','','0000-00-00','0000-00-00','0000-00-00'),(850,'Roberto Edezio de Sousa','1993-04-08',3,'','(88) 99796-7407','Rua Maria das Dores Jacinto Ferreira','Rodoviária',63,'2018-07-26','','0000-00-00','0000-00-00','0000-00-00'),(851,'Italo de Padua  Oliveira Saldanha ','1990-11-19',13,'','(88) 98103-9244','Uruque ','Uruque',1,'2018-07-26','','0000-00-00','0000-00-00','0000-00-00'),(852,'Francisca Jane Ferreira de Lima ','1992-03-14',3,'','(88) 99949-5691','Rua Jose Apolonio da Silva ','Alto da Colina ',263,'2018-07-26','','0000-00-00','0000-00-00','0000-00-00'),(854,'Claudiamara Alves da Cruz','1995-07-23',3,'','(88) 99723-8061','Rua Raimundo Rodrigues','Duque de Caxias',10,'2018-07-26','','0000-00-00','0000-00-00','0000-00-00'),(855,'Aricia de Sousa Dantas ','2003-08-20',5,'','(88) 99944-9847','Rua Jorge Borges','maravilha',562,'2018-07-26','','0000-00-00','0000-00-00','0000-00-00'),(856,'Marcell Viana Marciel','1985-02-20',3,'','(88) 99801-0526','Rua Presidente Vargas ','Centro',190,'2018-07-26','','0000-00-00','0000-00-00','0000-00-00'),(857,'Cladiane Gomes da Silva ','1987-11-07',3,'','(88) 99978-2129','Rua Idelzuite Almeida ','José Airton Machado',47,'2018-07-26','','0000-00-00','0000-00-00','0000-00-00'),(858,'Carlos Alberto Junior','1990-01-01',15,'','(88) 99243-1682','Edmilson Correia Vasconcelos','distrito industrial',190,'2018-07-26','','0000-00-00','0000-00-00','0000-00-00'),(859,'Ana Angelica Madeiro ','1989-12-10',3,'','(88) 99624-9350','Rua Desembargador Americo Militao','Centro',325,'2018-07-26','','0000-00-00','0000-00-00','0000-00-00'),(860,'Joelma Nascimento','1976-05-20',3,'','(88) 99497-9190','Rua Jorge Borges','maravilha',416,'2018-07-26','','0000-00-00','0000-00-00','0000-00-00'),(861,'Antonia Nivia  da Silva ','1986-12-29',3,'','(88) 99728-7489','Rua Maria Lima Saldanha','José Airton Machado',44,'2018-07-26','','0000-00-00','0000-00-00','0000-00-00'),(862,'Julio Fernandes de Sousa Borges','1994-07-04',3,'','(88) 99490-0590','Rua Benjamim Barroso','Centro',50,'2018-07-26','','0000-00-00','0000-00-00','0000-00-00'),(863,'Gabriel de Freitas ','2002-02-11',4,'','(88) 99785-8744','Ana Mota Almeida','Edmilson Correira Vasconcelos',38,'2018-07-27','','0000-00-00','0000-00-00','0000-00-00'),(864,'Claudiane Gomes da Silva','1987-11-07',3,'','(88) 99783-2129','Rua Idelzuite Almeida ','José Airton Machado',47,'2018-07-27','','0000-00-00','0000-00-00','0000-00-00'),(865,'Mateus dos Santos Lima','1997-03-31',3,'','(88) 99228-8014','Rua Joao Capristano Saldanha','Edmilson Correira Vasconcelos',1,'2018-07-27','','0000-00-00','0000-00-00','0000-00-00'),(866,'Rodrigo Barros Jael','1990-10-30',3,'','(88) 99999-9999','Rua Gregorio Veridiano','Rodoviária',95,'2018-07-27','','0000-00-00','0000-00-00','0000-00-00'),(867,'Renata Mara Leal','1987-09-21',3,'','(88) 99933-0290','Rua Emanoel de Sousa Lima ','Edmilson Correira Vasconcelos',1,'2018-07-27','','0000-00-00','0000-00-00','0000-00-00'),(868,'Rafael Leno Almeida Carvalho','1984-05-23',3,'','(88) 99921-8892','Rua Monsenhor Salviano Pinto','Centro',413,'2018-07-27','','0000-00-00','0000-00-00','0000-00-00'),(869,'Ana Mara Queirroz de Sousa ','1997-12-27',3,'','(88) 99446-9753','Rua Miguel Felipe','Duque de Caxias',62,'2018-07-27','','0000-00-00','0000-00-00','0000-00-00'),(870,'Emanuela Gomes de Araujo','1995-09-12',5,'','(88) 99860-0305','Travessa Paulo Ribeiro','Monteiro de Morais',30,'2018-07-27','','0000-00-00','0000-00-00','0000-00-00'),(871,'Maria Elisangela da Silva ','1982-10-26',3,'','(88) 99967-5633','Rua Helnir Ferreira Pinto ','Edmilson Correira Vasconcelos',52,'2018-07-27','','0000-00-00','0000-00-00','0000-00-00'),(872,'Monica da Silva Andrade ','1988-07-20',3,'','(88) 99606-4664','Rua Miguel Felipe','Duque de Caxias',62,'2018-07-27','','0000-00-00','0000-00-00','0000-00-00'),(873,'Francisco Fabio Alves Ribeiro','1993-04-07',4,'','(88) 99733-5367','Rua Antonio Zuza ','Depósito',213,'2018-07-27','','0000-00-00','0000-00-00','0000-00-00'),(874,'Humberto  Oliveira de S. Junior','1991-09-03',4,'','(88) 99643-3547','Rua Paulo Mauricio','distrito industrial',12,'2018-07-28','','0000-00-00','0000-00-00','0000-00-00'),(875,'Manoel Gomes  Neto','1968-07-15',3,'','(88) 99625-6525','Avenida Geraldo Bizarria de Carvalho','Edmilson Correira Vasconcelos',425,'2018-07-28','','0000-00-00','0000-00-00','0000-00-00'),(876,'Renata Maria do Carmo','1981-05-23',17,'','(88) 99640-3847','Sargento Milton Peixoto','Edmilson Correira Vasconcelos',1,'2018-07-28','','0000-00-00','0000-00-00','0000-00-00'),(877,'Cristiano Moreira Maia ','1986-02-12',4,'','(88) 99472-9670','Rua Borgeval Leao ','Centro',890,'2018-07-31','','0000-00-00','0000-00-00','0000-00-00'),(878,'Vanessa do Carmo Nascimento','1987-05-22',7,'','(88) 99940-5299','Rua Honorato Pinto','Edmilson Correira Vasconcelos',35,'2018-07-31','','0000-00-00','0000-00-00','0000-00-00'),(879,'Jose Arlan Bernardo Silva ','1995-08-19',3,'','(88) 99961-5668','Rua Gregorio Veridiano','Rodoviária',181,'2018-07-31','','0000-00-00','0000-00-00','0000-00-00'),(880,'Flavia Alexandra F. Silva','2002-06-28',5,'','(88) 99463-6778','Rua G','coahb',1,'2018-07-31','','0000-00-00','0000-00-00','0000-00-00'),(881,'Fabio Rodrigues da Silva','1995-03-08',4,'','(88) 99346-4595','Rua Alto do Boqueirao','Monteiro de Morais',1,'2018-07-31','','0000-00-00','0000-00-00','0000-00-00'),(882,'Herica Rodrigues da Silva ','1989-02-10',4,'','(88) 99935-9315','Rua Alto do Boqueirao','Monteiro de Morais',1,'2018-07-31','','0000-00-00','0000-00-00','0000-00-00'),(883,'Jose Bruno Leundio Galvao ','1993-07-20',3,'','(88) 99956-1783','Rua Jair Camelo ','Pompeia',1,'2018-07-31','','0000-00-00','0000-00-00','0000-00-00'),(884,'Manoel Patrick da Silva Cavalcante','1997-01-07',5,'','(88) 99669-9033','Rua Capitao Raimundo','Centro',272,'2018-07-31','','0000-00-00','0000-00-00','0000-00-00'),(885,'Wellen Soares Paulino ','2002-10-25',5,'','(88) 99237-0718','Rua Sargento Milton Alves Peixoto','distrito industrial',19,'2018-07-31','','0000-00-00','0000-00-00','0000-00-00'),(886,'Cristiane da Silva Teixeira','1994-04-28',3,'','(88) 99246-8084','Rua Jose Campos Torquatro','Rodoviária',550,'2018-07-31','','0000-00-00','0000-00-00','0000-00-00'),(887,'Antonia Narjara Alvino ','1988-03-27',4,'','(88) 99916-1286','Travessa Bento Rocha Lima','Edmilson Correira Vasconcelos',143,'2018-07-31','','0000-00-00','0000-00-00','0000-00-00'),(888,'Edinalda da Silva Neves ','1983-04-27',3,'','(88) 99927-9394','José Campos Torquato','Rodoviária',92,'2018-07-31','','0000-00-00','0000-00-00','0000-00-00'),(889,'Julian Rodrigues Valerio','1989-03-18',3,'','(88) 99982-7022','Walter Simão','Edmilson Correira Vasconcelos',140,'2018-08-01','','0000-00-00','0000-00-00','0000-00-00'),(890,'Vinicius Farias','2002-02-28',3,'','(88) 98101-0667','Edmir Pinto','Edmilson Correira Vasconcelos',12,'2018-08-01','','0000-00-00','0000-00-00','0000-00-00'),(891,'JOÃO MARCELO DE OLIVEIRA','1998-09-27',3,'','(88) 99292-3007','PRESIDENTE JUSCELINO','DUQUE DE CAXIAS',128,'2018-08-02','','0000-00-00','0000-00-00','0000-00-00'),(892,'Alan Vagner de Souza ','1986-09-24',15,'','(88) 99999-9657','Rua Jose Campos Torquatro','Edmilson Correira Vasconcelos',1,'2018-08-02','','0000-00-00','0000-00-00','0000-00-00'),(893,'Lhanna Seyller F. Dantas ','1990-01-24',3,'','(88) 99784-6642','Avenida Geraldo Bizarria de Carvalho','Edmilson Correira Vasconcelos',1,'2018-08-02','','0000-00-00','0000-00-00','0000-00-00'),(894,'Eduarda Santos e Silva ','1990-09-17',3,'','(88) 98102-4236','Rua Antonio Prudente ','Edmilson Correira Vasconcelos',1,'2018-08-02','','0000-00-00','0000-00-00','0000-00-00'),(895,'Patricia Silva de Sousa ','1989-01-14',3,'','(88) 99944-4842','Rua Luis Gomes Coutinho','Maravilha',205,'2018-08-02','','0000-00-00','0000-00-00','0000-00-00'),(898,'Mariana de Sousa ','1987-07-17',4,'','(88) 98766-4375','Rua Valter Simao','Edmilson Correira Vasconcelos',130,'2018-08-02','','0000-00-00','0000-00-00','0000-00-00'),(899,'Leonardo Mendes Lobo','1988-08-11',4,'','(85) 98629-7457','Rua Valter Simao ','Edmilson Correira Vasconcelos',130,'2018-08-02','','0000-00-00','0000-00-00','0000-00-00'),(900,'Taiane de Oliveira Teixeira ','1993-04-19',3,'','(88) 99985-2021','Rua 25 de Março ','Jose Avelino Camara ',413,'2018-08-02','','0000-00-00','0000-00-00','0000-00-00'),(901,'Tereza Cristina C. de Almeida','1985-10-25',3,'','(88) 99315-8441','Maria Das Dores Jacinto','José Airton Machado',1,'2018-08-02','','0000-00-00','0000-00-00','0000-00-00'),(902,'Agna Hanna Alencar Cardoso ','1989-09-01',3,'','(88) 99713-2361','Rua Antonio Prudente','Edmilson Correira Vasconcelos',140,'2018-08-03','','0000-00-00','0000-00-00','0000-00-00'),(903,'Sinha Amanda Bandeira de Queiroz ','1984-09-22',3,'','(88) 99697-4018','Rua 14 de Agosto ','Centro',201,'2018-08-03','','0000-00-00','0000-00-00','0000-00-00'),(904,'Crisia Pinheiro','1980-08-04',3,'','(88) 99327-1122','Vila Neuza ','Maravilha',45,'2018-08-03','','0000-00-00','0000-00-00','0000-00-00'),(905,'Rafael Jadson Arcelino Gomes ','2002-05-14',3,'','(88) 99926-0990','Travessa Joao Lucio do Carmo','Pompeia',439,'2018-08-03','','0000-00-00','0000-00-00','0000-00-00'),(906,'Adriely Martins Moura ','1994-09-18',3,'','(88) 99412-6879','Rua Luis Gomes Coutinho','Maravilha',415,'2018-08-03','','0000-00-00','0000-00-00','0000-00-00'),(907,'Sara','1999-12-03',3,'sara@hotmail.com','(88) 99337-1900','Carlos Alberto C. Lima, 179, Casa','Teste',1,'2018-09-24','','0000-00-00','0000-00-00','0000-00-00'),(908,'Sara Freitas','1999-12-03',3,'carloschjs15@hotmail.com','(88) 99337-1900','Carlos Alberto C. Lima, 179, Casa','Testando',2,'2018-09-24','','0000-00-00','0000-00-00','0000-00-00');
/*!40000 ALTER TABLE `cliente` ENABLE KEYS */;
UNLOCK TABLES;

--
-- Table structure for table `historico`
--

DROP TABLE IF EXISTS `historico`;
/*!40101 SET @saved_cs_client     = @@character_set_client */;
/*!40101 SET character_set_client = utf8 */;
CREATE TABLE `historico` (
  `id` int(11) NOT NULL AUTO_INCREMENT,
  `data` date NOT NULL,
  `hora_entrada` time NOT NULL,
  `hora_saida` time NOT NULL,
  `cliente` int(11) NOT NULL,
  PRIMARY KEY (`id`)
) ENGINE=InnoDB AUTO_INCREMENT=14696 DEFAULT CHARSET=latin1;
/*!40101 SET character_set_client = @saved_cs_client */;

--
-- Dumping data for table `historico`
--

LOCK TABLES `historico` WRITE;
/*!40000 ALTER TABLE `historico` DISABLE KEYS */;
INSERT INTO `historico` VALUES (14184,'2018-08-02','09:36:12','10:36:23',595),(14185,'2018-08-02','10:36:14','10:36:31',95),(14186,'2018-08-02','09:36:00','10:49:23',233),(14187,'2018-08-02','10:53:12','21:30:00',303),(14188,'2018-08-02','10:53:21','21:30:00',330),(14189,'2018-08-02','09:40:25','11:01:11',317),(14190,'2018-08-02','11:04:03','21:30:00',684),(14191,'2018-08-02','11:22:24','21:30:00',239),(14192,'2018-08-02','11:22:32','21:30:00',752),(14193,'2018-08-02','11:34:35','21:30:00',783),(14196,'2018-08-02','12:12:56','21:30:00',504),(14197,'2018-08-02','12:11:09','12:44:10',324),(14198,'2018-08-02','12:56:38','21:30:00',692),(14199,'2018-08-02','12:08:51','12:57:25',89),(14201,'2018-08-02','12:57:26','12:57:27',89),(14203,'2018-08-02','12:57:28','12:57:29',89),(14211,'2018-08-02','14:05:52','14:05:56',822),(14213,'2018-08-02','14:05:57','14:05:58',822),(14214,'2018-08-02','14:06:00','21:30:00',822),(14215,'2018-08-02','12:57:51','14:06:49',704),(14218,'2018-08-02','14:18:30','21:30:00',278),(14219,'2018-08-02','13:32:07','14:18:42',683),(14220,'2018-08-02','13:33:24','14:18:50',543),(14221,'2018-08-02','14:22:02','21:30:00',885),(14222,'2018-08-02','13:43:06','14:29:36',640),(14223,'2018-08-02','14:39:46','21:30:00',63),(14224,'2018-08-02','14:41:24','21:30:00',805),(14227,'2018-08-02','14:45:50','14:45:51',149),(14228,'2018-08-02','14:45:52','21:30:00',149),(14229,'2018-08-02','13:42:57','14:57:16',121),(14230,'2018-08-02','13:43:27','14:57:24',143),(14233,'2018-08-02','15:03:01','21:30:00',785),(14235,'2018-08-02','15:08:03','21:30:00',336),(14237,'2018-08-02','15:12:19','21:30:00',663),(14238,'2018-08-02','15:15:11','21:30:00',461),(14240,'2018-08-02','14:44:09','15:23:46',550),(14241,'2018-08-02','15:27:13','21:30:00',236),(14245,'2018-08-02','14:16:38','15:55:08',160),(14246,'2018-08-02','14:16:31','15:55:15',225),(14248,'2018-08-02','16:00:30','21:30:00',644),(14249,'2018-08-02','14:58:09','16:05:12',332),(14250,'2018-08-02','14:58:00','16:05:23',792),(14251,'2018-08-02','16:10:48','21:30:00',484),(14252,'2018-08-02','16:12:04','21:30:00',202),(14253,'2018-08-02','15:19:30','16:15:21',297),(14256,'2018-08-02','16:24:23','21:30:00',889),(14257,'2018-08-02','15:43:51','16:25:06',623),(14258,'2018-08-02','15:44:00','16:25:15',624),(14261,'2018-08-02','15:07:16','16:26:58',608),(14262,'2018-08-02','16:28:46','21:30:00',423),(14263,'2018-08-02','15:12:10','16:31:14',621),(14264,'2018-08-02','16:32:13','21:30:00',99),(14266,'2018-08-02','16:49:56','21:30:00',605),(14267,'2018-08-02','15:51:44','16:52:36',120),(14269,'2018-08-02','17:00:05','21:30:00',592),(14270,'2018-08-02','17:01:53','21:30:00',314),(14271,'2018-08-02','17:02:05','21:30:00',340),(14272,'2018-08-02','17:02:55','21:30:00',304),(14275,'2018-08-02','16:23:15','17:11:14',840),(14276,'2018-08-02','16:23:08','17:11:24',844),(14278,'2018-08-02','17:16:10','17:16:13',426),(14280,'2018-08-02','17:16:14','17:16:15',426),(14281,'2018-08-02','17:16:17','21:30:00',426),(14282,'2018-08-02','16:00:19','17:18:29',674),(14284,'2018-08-02','17:19:59','17:20:10',650),(14285,'2018-08-02','17:20:24','21:30:00',666),(14286,'2018-08-02','17:27:15','21:30:00',264),(14288,'2018-08-02','17:30:42','21:30:00',850),(14289,'2018-08-02','16:25:26','17:32:59',576),(14290,'2018-08-02','16:25:32','17:33:10',154),(14291,'2018-08-02','16:38:57','17:34:19',74),(14293,'2018-08-02','17:37:46','17:37:52',563),(14296,'2018-08-02','17:40:48','21:30:00',646),(14297,'2018-08-02','17:42:27','21:30:00',790),(14298,'2018-08-02','17:42:49','21:30:00',788),(14301,'2018-08-02','17:05:48','17:46:39',855),(14302,'2018-08-02','17:47:20','21:30:00',111),(14304,'2018-08-02','17:53:41','21:30:00',669),(14305,'2018-08-02','17:08:28','17:55:05',618),(14307,'2018-08-02','17:55:06','17:55:07',618),(14309,'2018-08-02','17:55:08','17:55:10',618),(14311,'2018-08-02','17:57:39','21:30:00',91),(14314,'2018-08-02','16:53:15','18:00:03',507),(14318,'2018-08-02','18:01:20','21:30:00',747),(14324,'2018-08-02','18:17:28','21:30:00',563),(14325,'2018-08-02','17:38:03','18:17:33',655),(14328,'2018-08-02','18:20:20','21:30:00',689),(14330,'2018-08-02','17:27:28','18:21:30',334),(14336,'2018-08-02','18:41:17','21:30:00',612),(14337,'2018-08-02','18:42:58','21:30:00',881),(14340,'2018-08-02','18:00:39','18:44:11',872),(14341,'2018-08-02','18:00:49','18:44:41',869),(14342,'2018-08-02','18:43:55','18:45:01',862),(14343,'2018-08-02','17:56:19','18:45:23',321),(14344,'2018-08-02','18:47:49','21:30:00',221),(14345,'2018-08-02','17:43:23','18:49:34',427),(14346,'2018-08-02','17:43:06','18:49:44',213),(14347,'2018-08-02','17:39:01','18:50:23',296),(14348,'2018-08-02','18:01:13','18:51:24',123),(14352,'2018-08-02','17:47:55','18:57:12',751),(14353,'2018-08-02','18:58:52','21:30:00',861),(14354,'2018-08-02','18:19:47','18:59:22',412),(14355,'2018-08-02','18:19:38','18:59:40',411),(14357,'2018-08-02','18:23:43','19:00:27',510),(14358,'2018-08-02','17:59:53','19:02:05',424),(14359,'2018-08-02','17:59:42','19:02:15',830),(14362,'2018-08-02','19:03:04','19:03:13',860),(14364,'2018-08-02','18:08:57','19:04:54',820),(14365,'2018-08-02','18:09:27','19:05:07',818),(14366,'2018-08-02','19:07:27','21:30:00',208),(14367,'2018-08-02','18:04:36','19:08:54',478),(14368,'2018-08-02','18:08:30','19:10:14',701),(14369,'2018-08-02','18:31:58','19:11:45',841),(14371,'2018-08-02','19:15:31','19:15:40',320),(14373,'2018-08-02','19:23:18','21:30:00',444),(14374,'2018-08-02','18:34:12','19:26:31',802),(14375,'2018-08-02','18:35:21','19:27:03',556),(14376,'2018-08-02','18:38:49','19:27:41',381),(14377,'2018-08-02','18:52:39','19:28:11',243),(14378,'2018-08-02','19:28:53','21:30:00',187),(14380,'2018-08-02','19:35:51','19:36:09',125),(14381,'2018-08-02','19:36:21','21:30:00',631),(14382,'2018-08-02','19:36:25','21:30:00',602),(14383,'2018-08-02','19:36:35','21:30:00',341),(14384,'2018-08-02','19:00:17','21:30:00',600),(14385,'2018-08-02','18:09:58','19:44:17',200),(14386,'2018-08-02','19:45:16','21:30:00',374),(14387,'2018-08-02','19:48:01','21:30:00',803),(14389,'2018-08-02','19:52:32','21:30:00',838),(14390,'2018-08-02','19:16:08','19:54:59',320),(14392,'2018-08-02','19:55:49','19:56:17',214),(14393,'2018-08-02','19:04:19','19:56:26',796),(14394,'2018-08-02','18:43:07','19:57:45',882),(14396,'2018-08-02','20:02:42','20:02:44',32),(14397,'2018-08-02','20:02:45','21:30:00',32),(14398,'2018-08-02','20:05:56','21:30:00',483),(14399,'2018-08-02','19:02:38','20:08:43',491),(14400,'2018-08-02','20:08:53','21:30:00',288),(14403,'2018-08-02','20:12:36','21:30:00',700),(14405,'2018-08-02','18:20:56','20:13:40',277),(14406,'2018-08-02','20:16:11','21:30:00',53),(14407,'2018-08-02','20:28:28','21:30:00',110),(14408,'2018-08-02','18:52:15','20:30:19',690),(14409,'2018-08-02','18:51:41','20:30:27',691),(14410,'2018-08-02','20:13:22','20:51:51',837),(14411,'2018-08-02','19:48:13','20:53:55',30),(14412,'2018-08-02','20:10:51','21:04:59',396),(14413,'2018-08-02','20:11:09','21:05:07',880),(14414,'2018-08-03','05:18:31','21:30:00',622),(14420,'2018-08-03','05:45:19','21:30:00',298),(14421,'2018-08-03','05:45:28','21:30:00',295),(14422,'2018-08-03','05:59:47','21:30:00',603),(14425,'2018-08-03','06:03:13','21:30:00',498),(14426,'2018-08-03','06:03:40','21:30:00',711),(14427,'2018-08-03','05:36:56','06:05:32',102),(14428,'2018-08-03','05:19:26','06:06:20',549),(14429,'2018-08-03','06:09:24','21:30:00',232),(14430,'2018-08-03','05:20:13','06:09:48',537),(14431,'2018-08-03','05:20:21','06:09:56',745),(14434,'2018-08-03','06:53:10','21:30:00',710),(14435,'2018-08-03','05:28:00','06:56:31',787),(14436,'2018-08-03','06:57:51','21:30:00',899),(14437,'2018-08-03','06:58:06','21:30:00',898),(14438,'2018-08-03','06:02:38','07:06:58',566),(14439,'2018-08-03','06:02:32','07:07:11',567),(14443,'2018-08-03','06:36:09','07:40:57',639),(14445,'2018-08-03','08:17:13','21:30:00',859),(14446,'2018-08-03','07:39:19','08:30:04',234),(14447,'2018-08-03','07:40:01','08:30:10',892),(14448,'2018-08-03','08:30:28','21:30:00',709),(14450,'2018-08-03','08:33:01','21:30:00',846),(14451,'2018-08-03','08:32:40','08:33:16',486),(14452,'2018-08-03','06:41:39','08:35:59',593),(14454,'2018-08-03','08:36:07','08:36:18',849),(14455,'2018-08-03','07:25:53','08:37:38',347),(14457,'2018-08-03','08:50:41','08:50:49',595),(14459,'2018-08-03','09:04:40','09:04:49',850),(14461,'2018-08-03','09:14:13','09:14:24',801),(14462,'2018-08-03','09:14:25','21:30:00',801),(14463,'2018-08-03','09:18:29','21:30:00',826),(14464,'2018-08-03','07:57:19','09:28:06',158),(14466,'2018-08-03','09:35:09','21:30:00',595),(14468,'2018-08-03','09:41:57','21:30:00',833),(14469,'2018-08-03','09:53:35','21:30:00',359),(14471,'2018-08-03','10:02:13','21:30:00',650),(14472,'2018-08-03','10:02:22','21:30:00',666),(14473,'2018-08-03','10:02:37','21:30:00',895),(14474,'2018-08-03','10:10:57','21:30:00',401),(14475,'2018-08-03','10:17:49','21:30:00',172),(14478,'2018-08-03','10:26:29','21:30:00',848),(14479,'2018-08-03','09:38:44','10:37:02',233),(14480,'2018-08-03','09:30:42','10:42:20',579),(14481,'2018-08-03','10:51:10','21:30:00',858),(14482,'2018-08-03','11:04:15','21:30:00',783),(14483,'2018-08-03','11:05:07','21:30:00',634),(14484,'2018-08-03','11:06:11','21:30:00',239),(14485,'2018-08-03','11:07:16','21:30:00',752),(14486,'2018-08-03','09:57:56','11:14:47',151),(14487,'2018-08-03','10:24:43','11:14:54',53),(14488,'2018-08-03','10:24:54','11:15:04',879),(14489,'2018-08-03','11:39:17','21:30:00',621),(14493,'2018-08-03','12:04:10','12:40:40',300),(14494,'2018-08-03','12:02:25','12:54:42',89),(14499,'2018-08-03','13:42:06','21:30:00',543),(14501,'2018-08-03','12:58:50','13:53:18',332),(14502,'2018-08-03','12:03:49','13:53:25',792),(14503,'2018-08-03','14:03:20','21:30:00',906),(14504,'2018-08-03','13:12:20','14:08:18',324),(14505,'2018-08-03','13:15:05','14:08:30',823),(14506,'2018-08-03','14:12:12','21:30:00',461),(14508,'2018-08-03','13:18:07','14:21:36',704),(14509,'2018-08-03','13:52:55','14:27:55',297),(14510,'2018-08-03','14:33:05','21:30:00',469),(14511,'2018-08-03','14:33:10','21:30:00',885),(14512,'2018-08-03','14:48:57','21:30:00',149),(14513,'2018-08-03','14:55:52','21:30:00',770),(14517,'2018-08-03','15:35:02','21:30:00',640),(14521,'2018-08-03','15:57:50','21:30:00',165),(14523,'2018-08-03','16:07:05','21:30:00',202),(14524,'2018-08-03','15:40:54','16:20:02',623),(14525,'2018-08-03','15:41:13','16:20:49',624),(14526,'2018-08-03','14:58:15','16:26:53',121),(14527,'2018-08-03','14:58:11','16:27:13',143),(14529,'2018-08-03','16:27:35','16:27:43',154),(14531,'2018-08-03','16:29:43','21:30:00',688),(14532,'2018-08-03','16:32:59','21:30:00',423),(14534,'2018-08-03','16:33:55','16:33:56',74),(14536,'2018-08-03','16:33:58','16:33:59',74),(14539,'2018-08-03','15:42:20','16:38:16',597),(14540,'2018-08-03','16:43:10','21:30:00',522),(14541,'2018-08-03','16:44:11','21:30:00',653),(14542,'2018-08-03','16:48:29','21:30:00',674),(14543,'2018-08-03','16:48:34','21:30:00',644),(14544,'2018-08-03','16:53:08','21:30:00',305),(14545,'2018-08-03','16:53:15','21:30:00',306),(14546,'2018-08-03','15:12:11','17:01:59',608),(14548,'2018-08-03','17:10:06','21:30:00',111),(14549,'2018-08-03','16:06:58','17:12:26',120),(14550,'2018-08-03','17:16:05','21:30:00',790),(14551,'2018-08-03','17:26:44','21:30:00',374),(14552,'2018-08-03','17:26:57','21:30:00',409),(14553,'2018-08-03','16:36:57','17:27:10',840),(14554,'2018-08-03','16:36:39','17:27:15',844),(14555,'2018-08-03','17:28:23','21:30:00',889),(14556,'2018-08-03','17:35:03','21:30:00',91),(14557,'2018-08-03','17:40:13','21:30:00',74),(14558,'2018-08-03','17:40:40','21:30:00',427),(14559,'2018-08-03','17:41:12','21:30:00',213),(14560,'2018-08-03','17:44:38','21:30:00',264),(14561,'2018-08-03','17:08:38','17:44:43',563),(14562,'2018-08-03','17:45:38','21:30:00',600),(14563,'2018-08-03','17:46:20','21:30:00',550),(14565,'2018-08-03','17:47:39','17:47:48',154),(14566,'2018-08-03','16:27:58','17:47:57',576),(14567,'2018-08-03','17:51:21','21:30:00',478),(14568,'2018-08-03','17:51:38','21:30:00',334),(14569,'2018-08-03','17:51:51','21:30:00',786),(14570,'2018-08-03','17:53:39','21:30:00',905),(14571,'2018-08-03','17:54:11','21:30:00',837),(14572,'2018-08-03','17:54:34','21:30:00',904),(14573,'2018-08-03','17:56:21','21:30:00',808),(14574,'2018-08-03','17:56:37','21:30:00',592),(14575,'2018-08-03','17:58:15','21:30:00',339),(14576,'2018-08-03','18:02:26','21:30:00',820),(14577,'2018-08-03','18:02:34','21:30:00',818),(14579,'2018-08-18','14:51:10','14:51:34',24),(14581,'2018-08-18','14:52:52','14:54:56',24),(14583,'2018-08-18','14:55:28','14:58:40',24),(14585,'2018-08-18','15:00:09','15:00:33',24),(14587,'2018-08-18','15:00:57','15:01:52',24),(14589,'2018-08-18','15:02:21','15:03:46',24),(14591,'2018-08-18','15:05:21','21:30:00',45),(14592,'2018-08-18','15:04:42','15:05:42',24),(14594,'2018-08-18','15:07:08','15:08:52',24),(14596,'2018-08-18','15:08:59','15:09:16',24),(14598,'2018-08-18','15:10:01','15:10:15',24),(14600,'2018-08-18','15:11:15','15:13:17',24),(14602,'2018-08-18','15:15:04','15:15:20',24),(14604,'2018-08-18','15:15:42','15:15:54',24),(14606,'2018-08-18','15:19:26','15:20:19',24),(14608,'2018-08-18','15:21:18','15:22:54',24),(14610,'2018-08-18','15:26:25','15:27:01',24),(14612,'2018-08-18','15:28:05','15:30:07',24),(14614,'2018-08-18','15:30:25','15:30:40',24),(14616,'2018-08-18','15:32:45','15:33:34',24),(14618,'2018-08-18','15:35:31','15:35:51',24),(14620,'2018-08-18','15:40:51','15:41:17',24),(14622,'2018-08-18','15:43:31','15:43:38',24),(14624,'2018-08-18','15:45:13','15:51:09',24),(14626,'2018-08-18','15:53:24','16:00:45',24),(14628,'2018-08-18','16:01:59','16:04:56',24),(14630,'2018-08-18','16:05:10','16:06:20',24),(14632,'2018-08-18','16:10:38','16:16:03',24),(14634,'2018-08-18','16:37:50','16:38:53',24),(14636,'2018-08-18','16:39:46','16:40:21',24),(14638,'2018-08-18','16:40:58','16:41:14',24),(14640,'2018-08-18','16:45:32','16:45:51',24),(14642,'2018-08-18','16:46:19','16:50:00',24),(14643,'2018-08-18','16:53:01','21:30:00',25),(14645,'2018-08-18','17:23:47','17:24:05',24),(14647,'2018-08-18','17:24:46','17:25:03',24),(14649,'2018-08-18','17:25:42','17:25:48',24),(14651,'2018-08-18','17:25:54','17:51:11',24),(14653,'2018-08-18','17:52:02','17:52:19',24),(14655,'2018-08-18','17:52:56','17:53:24',24),(14657,'2018-08-18','17:53:31','18:36:20',24),(14658,'2018-08-18','18:37:42','21:30:00',24),(14660,'2018-08-19','02:15:38','21:30:00',25),(14661,'2018-08-19','02:15:43','21:30:00',26),(14663,'2018-08-19','02:16:20','02:16:31',234),(14665,'2018-08-19','02:20:15','02:20:26',234),(14666,'2018-08-19','02:14:52','02:23:08',24),(14667,'2018-08-19','02:24:00','21:30:00',34),(14669,'2018-08-19','02:24:22','02:26:40',24),(14671,'2018-08-19','02:27:31','02:27:56',24),(14673,'2018-08-19','02:28:24','02:40:29',24),(14675,'2018-08-19','02:40:43','02:41:00',24),(14677,'2018-08-19','02:41:08','02:51:15',24),(14679,'2018-08-19','02:52:37','02:52:56',24),(14681,'2018-08-19','02:56:58','02:57:03',24),(14683,'2018-08-19','02:57:08','02:57:55',24),(14684,'2018-08-19','02:58:02','21:30:00',123),(14686,'2018-08-19','02:58:20','02:59:31',24),(14687,'2018-08-19','03:22:23','21:30:00',234),(14688,'2018-08-19','03:22:38','21:30:00',700),(14690,'2018-08-19','03:30:10','04:10:29',24),(14692,'2018-08-19','05:11:40','05:18:47',24),(14694,'2018-08-19','05:19:00','05:48:32',24),(14695,'2018-08-20','13:39:25','21:30:00',700);
/*!40000 ALTER TABLE `historico` ENABLE KEYS */;
UNLOCK TABLES;

--
-- Table structure for table `pagamento`
--

DROP TABLE IF EXISTS `pagamento`;
/*!40101 SET @saved_cs_client     = @@character_set_client */;
/*!40101 SET character_set_client = utf8 */;
CREATE TABLE `pagamento` (
  `id_cliente` int(11) NOT NULL,
  `nome` varchar(400) NOT NULL,
  `data` date NOT NULL,
  `id_promocao` int(11) NOT NULL,
  `valor` decimal(5,2) NOT NULL,
  PRIMARY KEY (`id_cliente`)
) ENGINE=InnoDB DEFAULT CHARSET=latin1;
/*!40101 SET character_set_client = @saved_cs_client */;

--
-- Dumping data for table `pagamento`
--

LOCK TABLES `pagamento` WRITE;
/*!40000 ALTER TABLE `pagamento` DISABLE KEYS */;
INSERT INTO `pagamento` VALUES (24,'Abdon Pinheiro Alves','2018-04-15',0,45.00),(25,'Aurineide Gomes Barbosa','2018-07-08',0,40.00),(26,'Ana Carla Oliveira de Sousa','2018-07-18',0,45.00),(27,'Antônio Jeferson Alves Holanda','2018-07-25',0,45.00),(28,'Antônio Idelvane Alves de Sousa','2018-08-30',0,45.00),(29,'Antônio Wifred da Silva','2018-05-24',0,45.00),(30,'Adriana Fidelles','2018-08-31',0,45.00),(31,'Allan José do Nascimento Lima','2018-03-27',0,45.00),(32,'Antônio de Sousa da Silva F.','2018-08-21',0,45.00),(33,'Antônio Marlos Correia Couto','2018-04-15',0,45.00),(34,'Antônia Paloma do Nascimento Nobre','2018-04-13',0,45.00),(35,'Ana Letícia Barbosa da Silva','2018-05-16',0,45.00),(36,'Byanca Sousa Rocha','2018-04-01',0,45.00),(37,'Bianca Holanda Castro','2018-06-22',0,40.00),(38,'Carla Cristina de M. H. Guedes','2018-03-27',0,45.00),(39,'Carlos Alysson Lima','2018-06-30',0,45.00),(40,'Cima Amorim','2018-08-10',0,35.00),(41,'Francisco Holanda de Lima','2018-08-25',0,40.00),(42,'Dayane de Abreu Fideles','2018-06-14',0,45.00),(43,'Davi Pinheiro Jerônimo','2018-04-06',0,45.00),(44,'Daniele Mourão','2018-05-25',0,45.00),(45,'Carlos Victor de Araújo Oliveira','2018-06-07',0,45.00),(46,'Daniel Kalebe F. Dantas','2018-06-07',0,45.00),(47,'Ellem Nobre','2018-06-07',0,45.00),(48,'Claudia Narjara Colares da Silva','2018-08-09',0,45.00),(49,'Elizabete Leitão de Freitas','2018-08-14',0,40.00),(50,'Eduardo Bruno Jota','2018-04-07',0,45.00),(51,'Emerson Pereira da Costa','2018-08-06',0,45.00),(52,'Eliza Dara Gomes de Almeida','2018-04-14',0,45.00),(53,'Emanuela Lemos','2018-08-30',0,45.00),(54,'Emerson Wilian Barros Nascimento','2018-08-04',0,45.00),(55,'Francisco Ailon','2018-08-23',0,45.00),(56,'Geovana Câmara Wibbeling','2018-05-12',0,40.00),(57,'Francisco Anderson P. Damasceno','2018-08-11',0,45.00),(58,'Francisco Wandson de Barros','2018-04-06',0,45.00),(59,'Gerda Soares Pinheiro','2018-08-17',0,45.00),(60,'Antônia Géssica Barbosa Nunes','2018-03-21',0,45.00),(61,'Francisco Daniel Vasconcelos Araújo','2018-06-19',0,45.00),(62,'Geisa de Araújo Oliveira','2018-08-23',0,45.00),(63,'Geovana Leitão de Freitas','2018-08-09',0,45.00),(64,'Gilson Wiebbeling','2018-08-15',0,40.00),(66,'Fernando Saldanha de A. Neto','2018-04-16',0,45.00),(67,'Herico Feitosa Guedes','2018-04-23',0,45.00),(68,'Hugo Castilho Almeida','2018-08-30',0,40.00),(69,'Isabella Quirino Barros','2018-07-14',0,45.00),(70,'Jacqueline Saraiva de Sousa','2018-08-25',0,45.00),(71,'Iago Simão da Silva','2018-07-15',0,45.00),(72,'José Alex Pereira do Monte','2018-03-26',0,45.00),(73,'Juliana Rodrgues','2018-07-27',0,45.00),(74,'Lucivania Luciano de Araújo da Silva','2018-08-10',0,40.00),(75,'Kaio Breno de Sousa Silva','2018-08-09',0,40.00),(77,'Lucas Gomes de Almeida','2018-07-06',0,45.00),(78,'Luana Lemos da Silva','2018-07-25',0,45.00),(79,'Aurilene Pereira Tomaz do Carmo','2018-04-20',0,45.00),(81,'Bruno Matheus Magalhães','2018-05-06',0,45.00),(84,'Maria dos Reis Barros Oliveira','2018-04-21',0,45.00),(85,'Francisco Liduino Silva Sousa','2018-04-21',0,40.00),(86,'Morgana da Silva Carlos','2018-07-12',0,45.00),(87,'Marcio Doohan M. Ricardo','2018-09-02',0,40.00),(88,'Mayanne Maria de Lima','2018-04-22',0,45.00),(89,'Maria Edileusa Tavares','2018-08-23',0,45.00),(90,'Marcele da Silva Castro','2018-04-06',0,45.00),(91,'Maria Rozana Vieira de Lima','2018-08-19',0,45.00),(92,'Kallyne Ribeiro Rodrigues','2018-08-23',0,45.00),(93,'Maria Joseanne Almeida','2018-08-10',0,40.00),(94,'Maria Janieide Pinheiro','2018-05-13',0,45.00),(95,'Lucas Holanda de Brito','2018-08-19',0,40.00),(97,'Willon Silva Holanda','2018-04-09',0,45.00),(98,'Norma Iracema Gomes Bibeiro','2018-06-17',0,45.00),(99,'Nielly Nara S. Henrique','2018-08-30',0,45.00),(100,'Natasha Maria Lopes Viana','2018-08-04',0,35.00),(101,'Nayara Katllyn Capistrano da Costa','2018-04-13',0,45.00),(102,'Ana Clara Lopes do Nascimento','2018-08-20',0,45.00),(103,'Antônio Marcos Lemos da Silva Filho','2018-06-14',0,45.00),(104,'Regina Lucia França Martins ','2018-04-20',0,45.00),(105,'Gilvan Teixeira Mauricio','2018-05-30',0,45.00),(108,'Suzani Maria Saraiva Costa','2018-06-22',0,45.00),(109,'Leilane Lourenço Damasceno','2018-08-12',0,45.00),(110,'Paulo Victor da Silva Paz ','2018-08-21',0,40.00),(111,'Myllena Santana Magalhães ','2018-08-23',0,45.00),(112,'Ruanna Fernandes da Silva ','2018-04-20',0,45.00),(113,'Jamille Alves Carneiro','2018-06-22',0,45.00),(114,'José Nonato da Silva Neto','2018-04-20',0,40.00),(115,'José Roberto Rocha Júnior ','2018-04-20',0,40.00),(116,'Jessica Maria Mendonça Alves','2018-04-20',0,40.00),(117,'Luiz José Cintra de Lima','2018-07-18',0,45.00),(119,'Paula Victória Mota Ricardo','2018-05-09',0,45.00),(120,'Plínio Cabral de Oliveira','2018-08-09',0,45.00),(121,'Pedro Torres Conceição','2018-09-04',0,40.00),(122,'José Reney Pereira do Monte','2018-03-26',0,45.00),(123,'Paulo Victor Ferreira de Freitas','2018-08-17',0,45.00),(124,'Pedro Henrique Paulino Pinheiro','2018-08-12',0,45.00),(125,'Paloma Vitta','2018-08-16',0,45.00),(127,'Mayara Kattyn Capistrano da Costa','2018-05-20',0,45.00),(128,'Roberta de Sousa','2018-08-19',0,45.00),(129,'Romário Farias dos Santos','2018-04-13',0,45.00),(130,'Romário Sousa','2018-04-14',0,45.00),(131,'Rosana Noberto Dantas','2018-08-30',0,40.00),(132,'Renan Victor de A. Silva','2018-04-01',0,45.00),(133,'Rayane Vieira de Lima','2018-08-19',0,45.00),(134,'Rádamys Linfolfo da Silva Sousa','2018-06-07',0,45.00),(135,'Rodrigo Lorran da Silva','2018-06-25',0,45.00),(137,'Sâmia Maria Holanda','2018-08-19',0,40.00),(139,'Sarah Cinthia Oliveira Furtunato ','2018-06-10',0,45.00),(140,'Samara Larissa de Sousa Dantas','2018-04-27',0,45.00),(141,'Samuel Lopes Marques de Almeida','2018-08-28',0,45.00),(142,'Vânia Maria Genuino ','2018-07-21',0,45.00),(143,'Artur Cesar Sousa Costa','2018-08-29',0,40.00),(144,'Vinicius de Lima Elói','2018-03-22',0,45.00),(145,'Vanessa M. Lemos','2018-05-30',0,45.00),(146,'Deyanne Ranaynne Barros da Silva','2018-06-22',0,45.00),(148,'Carla Rejane de Araújo Passos','2018-04-21',0,45.00),(149,'Caio Victor Lopes Paiva','2018-08-26',0,40.00),(150,'Claudio Saldanha Barbosa','2018-08-09',0,40.00),(151,'Michelle Rodrigues da Silva','2018-08-09',0,40.00),(152,'Ana Silvia Fernandes','2018-07-25',0,45.00),(153,'Laura Isabelle Fideles Batista','2018-06-21',0,45.00),(154,'Caio Feferson Gonçalves ','2018-09-01',0,45.00),(155,'Tânia Maria de Souza Castro','2018-07-07',0,45.00),(156,'Thabíta F. E.','2018-06-28',0,40.00),(157,'Ana Maria Cardoso Nogueira','2018-04-26',0,45.00),(158,'Aldenir Gomes de Araújo','2018-07-26',0,55.00),(159,'Vanessa Holanda Parente','2018-04-26',0,45.00),(160,'Matheus Rocha da Silva','2018-08-06',0,45.00),(162,'Maria Vanyelle Nogueira Feitosa','2018-05-26',0,45.00),(163,'Caique Iran Almeida Paiva','2018-08-30',0,45.00),(164,'Mikaelly Rodrigues da Silva','2018-04-26',0,45.00),(165,'Alex Pinheiro Magalhães','2018-08-26',0,40.00),(166,'Antônia Alessônia P. da Rocha','2018-07-15',0,45.00),(167,'Ana Letícia N. Severo','2018-04-27',0,45.00),(168,'Fábio Muniz Mesquita','2018-04-28',0,45.00),(170,'Jacqueline Fernandes dos Santos','2018-04-29',0,45.00),(171,'Antônia Eliania da Silva Santiago','2018-05-03',0,45.00),(172,'Paulo Henrique da Silva Muniz','2018-08-23',0,45.00),(174,'Fabiano Araújo de Oliveira','2018-05-02',0,45.00),(175,'Jardênia Mayara da Silva','2018-08-17',0,45.00),(176,'Antônia Sandra de A. Siqueira','2018-05-02',0,45.00),(177,'Vanuzia Vanesca Monte','2018-08-09',0,45.00),(178,'Harley Davidson Ferreira Rodrigues','2018-08-25',0,45.00),(179,'Marcos Willamy Paulino','2018-05-03',0,40.00),(180,'Rayane Teles de Souza','2018-05-02',0,45.00),(181,'Antônia Vieira da Silva Santiago','2018-05-02',0,45.00),(182,'Azanias Henrique da Silva','2018-04-29',0,45.00),(183,'Renato de Oliveira Batista','2018-08-06',0,40.00),(184,'Ana Louise Pinheiro Paulino','2018-05-02',0,45.00),(185,'Débora Ferreira R. Maia','2018-07-01',0,40.00),(186,'Jonisva do P. Albuquerque','2018-05-02',0,45.00),(187,'Edna F. R. de Paula','2018-09-01',0,40.00),(188,'Antônio Emanuel Cardoso Nogueira','2018-05-02',0,40.00),(189,'Allan Victor da Silva Vasconcelos','2018-07-08',0,40.00),(190,'Arcelino Batista da Costa Junior','2018-07-02',0,45.00),(191,'Adna Kesya da Silva Martins','2018-08-02',0,40.00),(192,'Emilce Maria de Sousa Leitão','2018-07-01',0,45.00),(195,'Mikael Abner da Silva Ferreira','2018-08-02',0,45.00),(196,'Augusto Marcell Pinheiro Rodrigues','2018-05-03',0,45.00),(197,'Anderson Henrique Magalhães','2018-07-28',0,40.00),(198,'Maria Eduarda Rocha','2018-08-09',0,45.00),(199,'Maria Eronilcia de Oliveira Viana','2018-05-02',0,45.00),(200,'Tais Pinho do Nascimento','2018-09-06',0,45.00),(201,'Luana da Silva Pimentel','2018-04-05',0,45.00),(202,'Pinheiro Neto','2018-08-19',0,40.00),(203,'Anna Rochelley A. B. de Oliveira','2018-05-05',0,45.00),(204,'Sâmia de Brito Araújo','2018-05-08',0,40.00),(205,'Pedro Viníciius G. ed S. Lira','2018-06-05',0,45.00),(206,'Francisca Emanuela Andrade de Souza','2018-08-25',0,45.00),(207,'Emille karen','2018-08-09',0,45.00),(208,'Larissa Mamede','2018-08-30',0,45.00),(209,'Julia Pimenta Pinho ','2018-10-05',0,1.00),(210,'Rany Késia Moreira da Silva','2018-06-21',0,45.00),(211,'Valrizar neto','2018-04-10',0,45.00),(212,'Nadia Narcisa de Santos','2018-04-09',0,45.00),(213,'Livia Luana da Sousa','2018-08-23',0,45.00),(214,'Luiz Paulo Nogimo','2018-08-18',0,45.00),(215,'Milena Mihlian Pedrosa','2018-05-10',0,45.00),(216,'Zildelia Lima dos Santos','2018-05-10',0,45.00),(217,'Ana Kellen da Cruz','2018-07-28',0,45.00),(218,'Rafaela Sarmento Farias','2018-05-10',0,45.00),(219,'Nayara Pereira Lourenço','2018-05-10',0,45.00),(220,'Renata Sousa Barreto','2018-05-10',0,45.00),(221,'Matheus de Paulo Maciel','2018-08-10',0,40.00),(222,'Maria Aline de Sousa','2018-06-18',0,45.00),(223,'João Batista','2018-05-10',0,45.00),(224,'José Augusto de Souza Filho','2018-08-23',0,45.00),(225,'João Wictor Gomes Vidal','2018-08-04',0,45.00),(226,'Laine Barbosa','2018-05-10',0,45.00),(227,'José Osvaldo de Almeida','2018-05-05',0,45.00),(228,'Nicoly Vitor da Silva','2018-05-04',0,45.00),(229,'Antônio Flávio de Oliveira','2018-07-05',0,40.00),(230,'Naiara dos Santos Cruz','2018-05-09',0,45.00),(231,'Carlos G.','2018-05-09',0,45.00),(232,'Lillian Maria Rodrigues Pereira','2018-08-04',0,45.00),(233,'Julie Caroline Martins Silva','2018-09-01',0,45.00),(234,'Rosiane Amaral Silva','2018-09-02',0,45.00),(236,'Antônia Livya da Silva','2018-08-30',0,45.00),(237,'Ana Amélia Leitão','2018-08-18',0,45.00),(239,'Nizia Sousa','2018-08-12',0,40.00),(240,'Pedro Henrique dos Santos Passos','2018-05-10',0,45.00),(241,'Vicente Heverson dos S. de Oliveira','2018-05-09',0,45.00),(242,'Ana Isile Ferreira de Oliveira','2018-05-09',0,45.00),(243,'Thais Crystina Vieira Ferreira','2018-08-02',0,40.00),(244,'Leonardo Juca Ribeiro','2018-05-11',0,45.00),(245,'Hugo Costa','2018-05-12',0,45.00),(246,'Alice Pimentel de Oliveira','2018-07-19',0,45.00),(247,'Erlania Carla Lopes','2018-08-26',0,40.00),(248,'Raiane Amaral Silva','2018-05-04',0,45.00),(249,'Carlos Eduardo','2018-06-09',0,45.00),(250,'Maria Taynan Freitas de Sousa ','2018-06-12',0,45.00),(251,'KARINE GOMES DA SILVA','2018-04-17',0,45.00),(252,'RAIMUNDO RIBEIRO DA SILVA','2018-06-17',0,40.00),(254,'MARIA DAS GRAÇAS MARTINS','2018-04-17',0,45.00),(255,'JANNE SEVERINO MONTEIRO SILVA','2018-04-11',0,45.00),(256,'LUIS GUSTAVO DE A MESSIAS','2018-06-21',0,45.00),(257,'BRUNA OLIVEIRA VIEIRA PINHO','2018-04-11',0,45.00),(258,'RENATA RODRIGUES ALVES','2018-04-09',0,45.00),(259,'ELISIANA FERREIRA','2018-06-14',0,40.00),(260,'PAULO VICTOR FERREIRA PAZ','2018-04-17',0,45.00),(261,'KAREN ELEN DA SILVA LEMOS','2018-04-17',0,45.00),(262,'DAVI HENRIQUE OLIMPIO SOUZA','2018-03-21',0,45.00),(263,'Francisco Edvânio Ferreira da Silva','2018-08-17',0,45.00),(264,'Maria Alice Ricardo de Oliveira','2018-08-21',0,45.00),(265,'Raissa de Sousa Rocha','2018-05-17',0,45.00),(266,'Linny Ely da Silva Mamede','2018-06-21',0,45.00),(267,'TEOFILO FELIPE SANTIAGO','2018-07-25',0,45.00),(269,'Ana Neria dos Santos Nobre','2018-07-12',0,45.00),(271,'Valeska Rodrigues','2018-08-31',0,45.00),(272,'Amanda Freitas de Oliveira','2018-05-18',0,45.00),(273,'Maria Priscylliana de Ferreira Arcelino Couto','2018-07-25',0,45.00),(274,'Mayara Ferreira Silva','2018-06-21',0,45.00),(275,'Danyelle Barbosa do Nascimento','2018-07-05',0,45.00),(276,'Maurício Felix da Silva','2018-05-16',0,45.00),(277,'Anna Karina de Freitas Loiola','2018-08-20',0,70.00),(278,'Ana Sintique H. Rodrigues','2018-08-10',0,45.00),(279,'DARLENE DE SOUSA PEREIRA','2018-05-20',0,45.00),(280,'Francisca Samara M. da Silva','2018-05-23',0,45.00),(281,'Carlos Ronny Lima Parente ','2018-05-20',0,45.00),(282,'Rhafael Olivira  Batista','2018-05-23',0,40.00),(283,'Gustavo Siqueira de Sousa','2018-08-24',0,45.00),(284,'Vinicius de Marco Rodrigues Barros','2018-05-23',0,45.00),(285,'Maria Hortência Morais do Nascimento','2018-06-23',0,45.00),(286,'Soleria Goes Alves Camelo ','2018-05-23',0,45.00),(287,'Natanna Amaral Fernandes','2018-08-26',0,45.00),(288,'Samuel Sterfeson Camelo de Almeida ','2018-08-26',0,45.00),(289,'Ray Frutuoso','2018-05-23',0,45.00),(290,'Maria da Conceição Filha','2018-06-23',0,45.00),(291,'Iamara Saldanha Salino','2018-06-26',0,45.00),(292,'Renata Pereira Lima','2018-05-23',0,45.00),(293,'Silvia Helena da Silva Nogueira','2018-06-23',0,45.00),(294,'ANTONIO IVANILDO M.SOUSA','2018-07-25',0,45.00),(295,'RAQUEL BARROS FERREIRA','2018-08-23',0,40.00),(296,'CARLOS ADRIANO DE ALMEIDA PAIVA','2018-08-28',0,45.00),(297,'JEFFESON HOLANDA DE OLIVEIRA','2018-08-09',0,45.00),(298,'RAQUEL MILEO PRUDENCIO','2018-08-23',0,45.00),(299,'TAYLANE BEZERRA DE SOUSA','2018-05-24',0,45.00),(300,'BARBARA CLAUDIA COSTA','2018-08-25',0,40.00),(301,'WYRNA ELLEN','2018-07-30',0,45.00),(303,'ANA PAULA F CAMARA','2018-07-24',0,45.00),(304,'LIVIA OLIVEIRA ALMEIDA','2018-08-03',0,45.00),(305,'ANTONIO FLAVIO DE OLIVEIRA','2018-08-03',0,45.00),(306,'ANTONIA CRISTINA DE OLIVEIRA','2018-08-03',0,45.00),(307,'Maria kaline bernardo da silva','2018-06-23',0,45.00),(308,'ANTONIO GERBSON DA SILVA','2018-06-30',0,45.00),(309,'ADRIANA COUTO WEBBELING','2018-06-20',0,40.00),(310,'SILVIO SANTOS DE ARAUJO','2018-05-25',0,45.00),(311,'RAYANNE CLAUDIA .A.DA COSTA','2018-06-28',0,45.00),(312,'ANA GABRIELLY SILVA FERNANDES','2018-05-18',0,40.00),(313,'ANA CLAUDIA SILVA FERNANDES','2018-05-18',0,40.00),(314,'Luiz Mario Batista Pinheiro Gomes','2018-05-30',0,45.00),(315,'Tricia Kathryn da Silva Ferreira','2018-08-02',0,40.00),(316,'José de Sousa Filho','2018-08-10',0,45.00),(317,'Antônio Fabiano de B.Cotas','2018-08-21',0,45.00),(318,'Ana Géssica Silva  Jacinto','2018-05-30',0,45.00),(319,'Tiago Almeida Castro','2018-06-28',0,45.00),(320,'Deyse Emanuela da Silva ','2018-08-15',0,35.00),(321,'Kilvia Nunes da Silva','2018-08-02',0,45.00),(322,'Ana Patrícia','2018-06-02',0,45.00),(323,'Luis Saldanha Zidrão','2018-06-02',0,45.00),(324,'Yhago C. Freitas','2018-08-02',0,45.00),(325,'Jordana Rodrigues Amancio','2018-08-10',0,45.00),(326,'Natalina Duarte','2018-06-02',0,45.00),(327,'Larissa de Oliveira Pinheiro','2018-07-02',0,45.00),(328,'Hequerina Santiago','2018-04-14',0,45.00),(329,'Rejane Nunes de Castro','2018-08-09',0,40.00),(330,'Joice Torres','2018-08-30',0,45.00),(331,'Geusa Maria Carlos Martins','2018-06-02',0,45.00),(332,'José Welligton Martins junior','2018-08-11',0,45.00),(333,'Nicolas Lourenço da Costa','2018-06-02',0,45.00),(334,'Bruno da Silva Mendora','2018-08-06',0,45.00),(335,'Fabiana Araújo de Oliveira','2018-08-17',0,45.00),(336,'Amanda Silva de Araújo','2018-08-10',0,45.00),(337,'Karla Victória Oliveira Moura','2018-06-09',0,45.00),(338,'Natália Duarte de Lima','2018-06-03',0,45.00),(339,'Railson de Araújo Silva','2018-08-03',0,40.00),(340,'Idelzuite Almeida de Oliveira','2018-06-14',0,45.00),(341,'Luis Alberto Gomes da Cruz','2018-08-16',0,40.00),(342,'Maciela Aline T. de Sousa','2018-06-07',0,45.00),(343,'Marcelo de Lima Sousa','2018-08-16',0,45.00),(344,'Marta Gomes Oliveira','2018-06-07',0,45.00),(345,'Antônio Edsin Barros','2018-06-07',0,45.00),(346,'Rubia Valeria Ferreira Leal','2018-07-09',0,40.00),(347,'Paula Eveline de Araujo','2018-08-09',0,45.00),(348,'Erick Johnson Liberato de Sousa Rodrigues','2018-05-14',0,45.00),(349,'Rivando Conrado','2018-05-14',0,45.00),(350,'Vanderlene Rodrigues de Almeida','2018-05-14',0,45.00),(351,'David Nogueira Viana','2018-05-14',0,45.00),(353,'Francisco Irineu Gonçalves','2018-06-14',0,40.00),(354,'Antonio Diego Pereira de M.','2018-08-31',0,40.00),(355,'Leonardo Lemos de Farias','2018-05-14',0,55.00),(356,'Samira Santos Menezes','2018-08-13',0,40.00),(357,'Romulo Cesar de Sousa SIlva','2018-05-14',0,55.00),(359,'Iara Gleyce Teixeira Leal','2018-09-02',0,45.00),(360,'Gilberto Gil Da Silva Ferreira','2018-08-10',0,45.00),(361,'Francisco Vandineles Dede Fernandes','2018-05-14',0,45.00),(362,'Tabita Ferreira Franco','2018-07-25',0,40.00),(363,'Hedyo Marcel Campelo Alves','2018-08-30',0,45.00),(364,'Valdzar Saldanha Fontinele Neto','2018-08-12',0,40.00),(365,'Marcelo de Oliveira Almieda','2018-08-04',0,45.00),(366,'Maria Ana Neri dos Santos Nobre','2018-08-17',0,45.00),(368,'Erica Moreira de Araújo','2018-06-09',0,45.00),(369,'Natalia Duarte de Lima','2018-06-03',0,45.00),(370,'Ianiele Barbosa Lima','2018-06-12',0,45.00),(371,'José Aldir Oliveira da Silva','2018-06-22',0,45.00),(372,'Viviane Vieira','2018-08-10',0,40.00),(373,'Emanuela da Silva Pereira','2018-07-11',0,45.00),(374,'Pedro Jose Leal ','2018-08-24',0,40.00),(375,'Antonia Gomes da Cruz','2018-07-15',0,45.00),(376,'Cicera Pereira Silva','2018-07-15',0,40.00),(377,'Camila Almeida Maciel','2018-07-25',0,40.00),(378,'Maria Cristiane Gonçalves Lopes ','2018-06-15',0,45.00),(379,'Francisca Janiele Ferreira Lima','2018-06-15',0,45.00),(380,'Raquel Cardoso de Castro ','2018-08-17',0,45.00),(381,'Francisca de Fatima Silva','2018-08-15',0,45.00),(382,'Anna Karen de O.Santos','2018-08-15',0,45.00),(383,'Maria Josiana Sousa do Nascimento','2018-06-14',0,40.00),(384,'PATRIK MARTINS DE SOUSA','2018-06-15',0,40.00),(385,'DAYANNE PEREIRA DO NASCIMENTO','2018-07-15',0,45.00),(386,'keila Araujo do Carmo','2018-06-16',0,45.00),(387,'Joao Vicitor Dede de Castro','2018-06-16',0,45.00),(388,'Mara Rayane Tavares Fontes','2018-06-16',0,45.00),(389,'Francisco Valdecio da S Castro','2018-07-16',0,40.00),(390,'Fabia Gizelia De Brito G','2018-07-16',0,40.00),(391,'Francisca Luciana Feitosa','2018-06-16',0,45.00),(392,'Isabela Cristina S Teixera','2018-07-16',0,45.00),(393,'Milena Medeiros De Souza','2018-06-14',0,45.00),(394,'Andre Luiz de Oliveira da Silva','2018-08-15',0,45.00),(395,'Rodrigo De Lima Rodrigues','2018-06-14',0,45.00),(396,'Kawanne de S Saldanha','2018-09-03',0,40.00),(397,'Francisco Lucas Cavalcante de S','2018-06-14',0,45.00),(398,'Jussara Roddrigues Araujo','2018-08-16',0,45.00),(399,'Pamela Fernandes Ferreira','2018-06-14',0,45.00),(400,'Jose Maria Holanda Nogueiro','2018-06-14',0,40.00),(401,'Edipo Rodrigues da Silva','2018-08-16',0,45.00),(402,'Edio Igor Oliveira Marreiro','2018-08-14',0,45.00),(403,'Daniel Alexandre T Mourao','2018-06-14',0,45.00),(404,'Paulo Vinicios T Paulino','2018-06-14',0,45.00),(405,'Antonio Josue Pereira Martins ','2018-06-14',0,45.00),(406,'Francisco Angelo Barbosa Felicio','2018-06-14',0,40.00),(407,'Mabel de Alburquerque','2018-09-01',0,40.00),(408,'Rudney Leal de Vassconcelos','2018-07-08',0,45.00),(409,'Hugo Patricio de Freitas','2018-08-10',0,40.00),(410,'Jhon Aleef L de Sousa','2018-08-15',0,40.00),(411,'Livia Kilario de sousa Nunes','2018-08-12',0,40.00),(412,'Larah Virginia Pedrosa Lima Cruz','2018-08-09',0,40.00),(413,'Daiana Barbosa Lima','2018-06-10',0,35.00),(414,'Daina Barbosa Lima','2018-06-16',0,45.00),(415,'Emanuelle Maria Cavalcante Sousa','2018-07-07',0,45.00),(416,'Giselly Ferreira de Almeida','2018-06-14',0,45.00),(417,'Nayara Cristina de Freitas Cavalcante','2018-07-18',0,45.00),(418,'Vaniele Maciel Silva','2018-07-18',0,45.00),(419,'João Victor Dede de Castro','2018-06-15',0,45.00),(420,'Neudyanne de Almeida Ferreira ','2018-06-16',0,45.00),(421,'Antônia Joselita Tavares','2018-07-09',0,40.00),(422,'Thauanne Lopes de Sousa','2018-06-07',0,45.00),(423,'Expedito Oliveira Vasconcelos de Lima','2018-08-25',0,45.00),(424,'Lucas Sousa Fontenele','2018-08-12',0,45.00),(425,'Ilana Chaves Feijão','2018-08-07',0,40.00),(426,'Edinete Maria da Silva Amaral','2018-08-30',0,45.00),(427,'Andreia de Castro de Sousa','2018-08-20',0,45.00),(428,'Andreza Indrid Alves','2018-06-16',0,45.00),(429,'Byanka Maria Fiusa Nogueira','2018-06-14',0,40.00),(430,'Cristiana Macio da Costa','2018-06-14',0,45.00),(431,'Pedro Wenniton Pereira Enoque da Silva','2018-06-07',0,45.00),(432,'Vladimir Marques Fernandes','2018-07-16',0,45.00),(433,'David Pereira de Lima','2018-08-06',0,45.00),(434,'Ana Patricia Fernandes Farias','2018-06-08',0,45.00),(435,'Willian Ferreira Araújo','2018-07-08',0,45.00),(436,'Francisco Welken Francalino da Silva','2018-06-09',0,45.00),(437,'Paula Dalana Muniz','2018-06-08',0,45.00),(438,'Yainetti ','2018-06-15',0,45.00),(439,'Gilberto Gil Da Silva Ferreira','2018-06-30',0,45.00),(440,'Antônio Lucas Maciel','2018-07-07',0,45.00),(441,'Samya Cavalcante de Matos Pinheiro','2018-08-19',0,40.00),(442,'Benedita Jamaica Rdrigue Nunes','2018-08-14',0,40.00),(443,'Edigle Almeida dos Anjos','2018-07-19',0,40.00),(444,'Iwry Freitas','2018-08-23',0,40.00),(445,'Renata Vieira de Souza','2018-06-09',0,40.00),(446,'Renato Vieira de Souza','2018-07-21',0,40.00),(447,'Janiely Barros Dias','2018-08-02',0,45.00),(448,'Luciana ','2018-06-18',0,40.00),(449,'Luécia','2018-06-18',0,40.00),(450,'Mariana Pimentel Fernandes','2018-06-02',0,1.00),(451,'Vanessa Maria do N. Almeida','2018-06-18',0,45.00),(452,'Francisca Lusmaia Alves M','2018-06-18',0,45.00),(453,'Marcelo de Sousa Leitão','2018-07-14',0,45.00),(454,'Francisco Darlan Oliveira ','2018-06-08',0,45.00),(455,'Amanda de Fátima da Silva Vieira','2018-08-15',0,40.00),(457,'José Maria Holanda Nogueira','2018-06-14',0,40.00),(458,'Maria do Carmo Fiusa Façanha','2018-06-14',0,40.00),(459,'Davi Alves ','2018-08-18',0,45.00),(460,'Leticia Alves Mangeth','2018-05-18',0,40.00),(461,'Rodollfo Cosme Barbosa ','2018-08-25',0,45.00),(462,'Karine Quirino Barros','2018-06-21',0,35.00),(463,'Antônia Neide Belo de Oliveira','2018-06-21',0,45.00),(464,'Mayre da Silva Paiva','2018-06-21',0,45.00),(465,'Claudiana de Araujo Severo','2018-05-21',0,40.00),(466,'Flavio Gustavo M Gomes','2018-08-03',0,40.00),(467,'Andrea Maria Oliveira de Jesus','2018-08-21',0,45.00),(468,'Ernaudo Rafael Barros Silva','2018-08-02',0,40.00),(469,'Allana Leal ','2018-07-26',0,45.00),(470,'Anderson De Sousa ','2018-06-21',0,45.00),(471,'Roger Cavalcante ','2018-06-21',0,45.00),(472,'Rayza Thayane Varela ','2018-08-11',0,45.00),(473,'Sabryna Kellen ','2018-07-22',0,40.00),(474,'Lorena do Carmo de s Martins','2018-06-21',0,45.00),(475,'Thiago Jeferson  Almeida ','2018-07-15',0,45.00),(476,'Antonia Cleide da Silva','2018-07-21',0,45.00),(477,'Manoeliza Fernandes de O.','2018-06-21',0,45.00),(478,'Francisco Onian da Silva','2018-06-21',0,45.00),(479,'Gabriella Nogueira Nobre','2018-07-21',0,45.00),(480,'Clemilda G. Freitas ','2018-06-22',0,45.00),(481,'Antonia Daniele Rodrigues','2018-08-23',0,45.00),(483,'Mario Davi Saraiva','2018-08-16',0,40.00),(484,'Brendew Guilherme Barbosa D N','2018-08-09',0,45.00),(485,'Marta Campelo Dantas','2018-07-01',0,40.00),(486,'Jakson Patrik de Castro','2018-08-03',0,45.00),(487,'Marcia Helena M Barros','2018-08-21',0,45.00),(488,'Marcio Grey Carlos de Almeida','2018-06-22',0,45.00),(489,'Aguinaldo José Conceição','2018-08-04',0,40.00),(490,'Iara Diogenes Silva','2018-08-17',0,45.00),(491,'Paulo Nógimo','2018-08-22',0,45.00),(492,'Adriana L. Sautielo','2018-08-16',0,45.00),(493,'Rômulo Alvino','2018-06-21',0,45.00),(494,'Monaliza Fernandes de Oliveira Borba','2018-08-24',0,45.00),(495,'Francisco Fábio Ribeiro Alves','2018-06-22',0,45.00),(496,'Maria Diane de Holanda Teles','2018-05-24',0,45.00),(497,'Adriana Barbosa Leal ','2018-08-03',0,45.00),(498,'Luis Gonzaga Coelho','2018-09-05',0,45.00),(499,'Fabiana de Sousa','2018-07-25',0,45.00),(500,'Jose Raimundo Gonçalves ','2018-06-24',0,45.00),(501,'MARIA IVONE','2018-06-24',0,45.00),(502,'ANTONIO ROBERLANDIO M CHAVES','2018-07-25',0,40.00),(503,'PEDRO HENRIQUE QUEIROZ SOUSA','2018-06-24',0,40.00),(504,'Francisco Rodrigues de Souza','2018-08-21',0,45.00),(505,'Andre Diego de Freitas','2018-08-10',0,55.00),(506,'Caio César de Sousa Silva','2018-06-28',0,45.00),(507,'Marlene Moreira da Cruz','2018-08-31',0,45.00),(508,'Renata Holanda ','2018-07-28',0,45.00),(509,'Vanderlânia Ferreira','2018-06-28',0,45.00),(510,'Pedro Igor Ferreira Holanda','2018-08-16',0,40.00),(511,'Bruna Feijó Pinho','2018-06-28',0,45.00),(512,'João Victor Oliveira Farias','2018-06-24',0,45.00),(513,'Idezuite Almeida de Oliveira','2018-05-28',0,45.00),(514,'Antonia Celia F. de Melo','2018-08-17',0,35.00),(515,'Cedric Fernandes Roddrigues','2018-08-17',0,45.00),(516,'Camila Ferreira Aragao','2018-06-10',0,45.00),(517,'cintia sousa da silva','2018-06-28',0,45.00),(518,'whissara silva vidal','2018-06-28',0,45.00),(519,'LUCIA VANDA TEIXEIRA DE FREITAS','2018-06-29',0,45.00),(520,'Silverlandio Ferreira','2018-06-29',0,45.00),(521,'Suelany Rodrigues Vieira','2018-06-29',0,1.00),(522,'Jhanyelle Hilário da Silva','2018-08-29',0,40.00),(523,'Teófilo Delmiro de Oliveira','2018-09-24',0,1.00),(524,'Fernanda Muniz de Lemos ','2018-06-29',0,1.00),(525,'Valéria Cintia da Silva','2018-06-29',0,45.00),(526,'Maria do Socorro  Alves','2018-05-29',0,45.00),(528,'Antonia Margarida Mendes da Silva','2018-06-29',0,40.00),(529,'Camila Carla Henrique de Araújo','2018-08-02',0,40.00),(530,'MARIA MARGARETH FRANCO','2018-08-25',0,45.00),(531,'ANNE LOUISE PINHEIRO PAULINO','2018-08-19',0,65.00),(532,'Ana Cristiina Freitas ','2018-06-30',0,45.00),(533,'Matheus Braga Alves Gabriel','2018-06-30',0,50.00),(534,'Mirella Braga Alves','2018-06-30',0,50.00),(535,'Lorena Oliveira de Brito','2018-08-11',0,50.00),(536,'Tamires Felipe de Moraes','2018-06-30',0,45.00),(537,'Mardênia Queiroz Diógenes de Sousa','2018-08-05',0,40.00),(538,'camila da silva marinho','2018-06-28',0,40.00),(539,'Carlos Patrick Pimentel e Silva','2018-07-02',0,40.00),(540,'Renan Soares Tavares','2018-07-04',0,45.00),(541,'Maria Jaqueline Alves da Silva','2018-07-04',0,45.00),(542,'Fábia Gonzaga Moreiro','2018-07-04',0,45.00),(543,'Andrezza Mayra Farias Costa ','2018-08-04',0,45.00),(544,'Sidmar José Teixeira ','2018-08-04',0,40.00),(545,'Ana  Vanessa Leite Barbosa','2018-08-04',0,40.00),(546,'MARIANA BARROS DA SILVA','2018-07-04',0,35.00),(547,'LARA KLESSIA PINHEIRO SOUSA','2018-08-11',0,35.00),(548,'DILAISE FELIX','2018-07-04',0,45.00),(549,'NARA ALVES SALES','2018-08-05',0,45.00),(550,'MARCELO DA SILVA BARROS','2018-09-04',0,45.00),(551,'PATRICIA DA SILVA GONSALVES','2018-07-05',0,45.00),(552,'MARIA LETÍCIA PATRICIO','2018-07-04',0,45.00),(553,'Barbara Emilye de Oliveira','2018-07-04',0,45.00),(554,'Ana Luisa Freitas de Oliveira','2018-07-04',0,45.00),(555,'Ruthmila Sousa Lima','2018-07-04',0,45.00),(556,'Antônio Lucas Paulo de Lima','2018-08-09',0,45.00),(557,'Geovana Castro ','2018-08-23',0,45.00),(558,'Naires da Silva','2018-07-04',0,45.00),(559,'Maria Jaqueline Alves da Silva','2018-07-07',0,45.00),(560,'Ester Pimentel de Oliveira','2018-07-04',0,45.00),(561,'Alan Diego Paiva e Silva','2018-07-05',0,45.00),(562,'Carlielder Torcate Batista','2018-08-09',0,40.00),(563,'Victoria Giovanna S. Lima','2018-08-10',0,40.00),(564,'Leonardo Gardel Rabelo da Silva','2018-07-05',0,45.00),(565,'Leonardo  Fernandes Coelho','2018-08-04',0,45.00),(566,'Ligianne Inacio da Silva','2018-08-07',0,40.00),(567,'Francisco Carlito Nobre','2018-08-07',0,45.00),(568,'Mateus Melo Rocha','2018-07-04',0,45.00),(569,'Maria Eduarda Souza Martins','2018-07-04',0,45.00),(570,'Deborah Leite de Abreu Souza','2018-07-06',0,45.00),(571,'Antonio Aglailton da Silva  Oliveira','2018-08-06',0,45.00),(572,'Nayara Maciel da Silva','2018-07-06',0,45.00),(573,'Fábia Gonzaga Moreiro','2018-07-06',0,45.00),(575,'Ítalo de Padua Saldanha','2018-07-06',0,45.00),(576,'Alves Roque Alexandre','2018-08-06',0,45.00),(577,'Jaiane Foçanha Lessa','2018-07-06',0,45.00),(578,'Augusto Cesar Jacinto dos Santos','2018-07-06',0,45.00),(579,'Ruth Jacinto da Silva Viana','2018-08-08',0,55.00),(580,'Cheylla Cavalcante Sá','2018-07-10',0,45.00),(581,'Maria Amanda de Sales','2018-07-11',0,40.00),(582,'david sousa da silva','2018-07-11',0,45.00),(583,'joâo de oliveira costa','2018-07-11',0,45.00),(584,'DANIEL RODRIGUES BELARMINO','2018-07-11',0,45.00),(585,'JOÃO DE OLIVEIRA COSTA','2018-07-11',0,45.00),(586,'CINTYA LARA LOPES','2018-07-11',0,45.00),(587,'MARIANA MAIA LIMA','2018-08-11',0,45.00),(588,'MIKAELL COELHO FERNANDES','2018-08-18',0,40.00),(589,'THAYANE DE SOUSA E SILVA','2018-08-11',0,45.00),(590,'MARIA AURENICE RORIGUES','2018-08-11',0,45.00),(591,'DANIELA DE ALMEIDA NUNES','2018-07-11',0,45.00),(592,'ANDREZA TORRES DA SILVA','2018-08-10',0,40.00),(593,'FRANCISCA CLAUDIA MARCIEL MIRANDA','2018-08-30',0,55.00),(594,'SUELI VITORIANO DA SILVA','2018-07-13',0,45.00),(595,'MARIA ELZIMAR CORREIA VIANA','2018-08-12',0,45.00),(596,'ANA CAMILLA DA COSTA','2018-07-11',0,45.00),(597,'ROMERITO DA SILVA FERREIRA','2018-08-15',0,40.00),(598,'Vinicius de Souza Paulino','2018-07-14',0,45.00),(599,'Pedro Ivo Mitoso','2018-08-14',0,45.00),(600,'Andrea Parente Lima','2018-08-14',0,35.00),(601,'Luciana Moreira da Silva ','2018-08-14',0,45.00),(602,'Francisca Amanda Silva','2018-08-14',0,45.00),(603,'Fernando José Gustavo da Silva','2018-08-14',0,45.00),(604,'Antônia Juliana Araújo de Sousa','2018-08-14',0,40.00),(605,'Maria Valderlene da Silva ','2018-08-17',0,45.00),(606,'João Paulo Viana da Silva','2018-07-14',0,40.00),(607,'José Ravi Alves Gonçalves','2018-07-14',0,45.00),(608,'Saulo Mesquita','2018-08-14',0,45.00),(609,'Nathércia Nayara de B. Reis','2018-08-10',0,45.00),(610,'MATHEUS ALVES DA SILVA','2018-08-20',0,45.00),(611,'Rosinha Rodrigues Nogueira','2018-07-14',0,40.00),(612,'André  Yohannes Vitor Lopes','2018-08-14',0,40.00),(613,'Robson da Silva','2018-07-14',0,40.00),(614,'Carlos Alberto Sérgio','2018-07-15',0,45.00),(615,'Thiago Lopes de Oliveira Eloi','2018-07-15',0,45.00),(616,'Tomaz Barbosa de Sousa','2018-07-15',0,45.00),(617,'Eliane Fernandes Vieira','2018-07-15',0,45.00),(618,'Roberta Abreu da Silva ','2018-08-15',0,40.00),(619,'Fabio Pinheiro de Almeida','2018-08-16',0,45.00),(620,'Rael Bruno de Souza Morais','2018-07-16',0,45.00),(621,'Ana Carolina de Souza Mota','2018-08-17',0,45.00),(622,'ANDRÉA PEDROSA','2018-08-23',0,45.00),(623,'SARA FARIAS DE SANTANA','2018-08-16',0,40.00),(624,'SANDRINA FARIAS DE SANTANA','2018-08-23',0,40.00),(625,'Adelson Barbosa da Silva','2018-08-18',0,45.00),(626,'Maria Layanna Jales Vieira','2018-07-18',0,45.00),(627,'Braz Alves Teixeira Neto','2018-08-18',0,45.00),(628,'Carlos Alberto Calído Sergio','2018-07-18',0,45.00),(629,'Livia Carvaljho Taveira','2018-07-18',0,45.00),(630,'Jaime Silva Alves','2018-07-18',0,45.00),(631,'Maria das Graças Araujo','2018-08-15',0,40.00),(632,'Brandan Stiver Gil Calderon','2018-07-15',0,40.00),(633,'Angela Maria Sousa Limeira','2018-07-15',0,40.00),(634,'Antônio Cesar Teles da Silva','2018-08-17',0,45.00),(635,'Carlos Alexandre de Almeida Tavares','2018-07-15',0,45.00),(636,'Letícia Castelo Branco Leitão','2018-07-15',0,45.00),(637,'Leticia Preira Felipe','2018-07-08',0,45.00),(638,'Siuane de Sousa Arsene','2018-08-14',0,45.00),(639,'Lucivânia da Silva  de Castro','2018-08-18',0,40.00),(640,'Antonio Rotemberg Lemos Teixeira','2018-08-18',0,45.00),(641,'Eliseu Maia Machado','2018-07-18',0,40.00),(642,'Felipe Soares','2018-07-18',0,45.00),(643,'Maria Gerliane Silva','2018-07-18',0,45.00),(644,'Antonio Edgley dos Santos Fereira','2018-08-18',0,45.00),(645,'Elionaria Marques ','2018-07-18',0,45.00),(646,'Carla Vérica Almeida','2018-08-14',0,45.00),(647,'José Patrício Farias Barbosa','2018-07-18',0,45.00),(648,'Arlene de Sousa Farias','2018-08-19',0,35.00),(649,'Rosalha Pereira da Silva','2018-07-18',0,45.00),(650,'Clemilda Texeira','2018-08-18',0,45.00),(651,'Elizangela Fernandes Vieira','2018-07-18',0,40.00),(652,'Gilson Paulino Ribeiro','2018-08-20',0,35.00),(653,'Antonia Elenice da Silva','2018-08-18',0,45.00),(654,'Suseanne Vieira','2018-07-18',0,45.00),(655,'Karla Paloma Araujo','2018-08-30',0,45.00),(657,'Jose Raul Alves Gonçalves','2018-07-14',0,45.00),(658,'Dhiego Marques Gil Barbosa','2018-07-18',0,45.00),(659,'Valderir Matias do Nascimento','2018-07-18',0,45.00),(660,'Antonio Jorge Cardoso Filho','2018-07-18',0,45.00),(661,'Ronaldo Teixeira Mauricio','2018-08-23',0,45.00),(662,'solange genuino leitão','2018-07-18',0,45.00),(663,'Lucicleide Bento','2018-08-18',0,45.00),(664,'Licartys Rabelo de Lima','2018-07-18',0,45.00),(665,'Eurisa Maria Carlos ','2018-07-04',0,45.00),(666,'Rubens Marlley Xavier','2018-08-20',0,45.00),(667,'Antonio  Rafael  da  Silva','2018-07-19',0,45.00),(668,'Isadora Santos  Tancire Chaves','2018-07-28',0,50.00),(669,'Ulisres de Almeida Barbosa','2018-08-19',0,40.00),(670,'Paula  Everton Tomé da Silva','2018-07-19',0,45.00),(671,'Paulo Everton Tomé da Silva','2018-07-19',0,45.00),(672,'Alan Wilck A. Condim','2018-07-19',0,45.00),(673,'Rodrigo Ribeiro Cosmo','2018-07-19',0,45.00),(674,'Davi da Silva Lima Silvestre','2018-08-20',0,45.00),(675,'GEYVA DA SILVA DE SOUSA','2018-07-19',0,45.00),(676,'VITORIA DE ALMEIDA NUNES','2018-07-19',0,40.00),(677,'ANGELA  MARIA DE ABREU','2018-07-19',0,45.00),(678,'MARIANA BRITO DE LIMA','2018-07-19',0,40.00),(679,'MARIA DE FATIMA BRITO','2018-07-19',0,40.00),(680,'ANTONIO RENATO MOTA SARAIVA','2018-08-10',0,70.00),(681,'lidiane felipe de sousa silva','2018-08-20',0,45.00),(682,'DANIELE BRITO DA ROCHA','2018-07-20',0,40.00),(683,'Hérika Cosmo Martins','2018-08-20',0,45.00),(684,'Douglas Saldanha','2018-08-20',0,35.00),(685,'Francisco Wilame da Silva Ferreira','2018-08-20',0,45.00),(686,'Igor Kainan Fernandes de Sousa','2018-07-20',0,45.00),(687,'Sandra Maruza Saraiva Santos','2018-07-20',0,45.00),(688,'Francisca Zelia Muniz Umberlino','2018-08-17',0,45.00),(689,'francisco wilian soares','2018-08-15',0,45.00),(690,'Ana mirelly laurentino','2018-08-23',0,45.00),(691,'ANA STELA OLIVEIRA LIMA','2018-08-23',0,45.00),(692,'Robson Araújo da Silva','2018-08-21',0,40.00),(693,'Paloma da Silva Araújo','2018-07-20',0,45.00),(694,'joão Victor Santiago de Lima','2018-07-20',0,45.00),(695,'Francisco Hidalecio Fernandes','2018-07-19',0,45.00),(696,'Antonio Danilo S. Nogueira','2018-08-25',0,45.00),(697,'Ana Priscilla dos Santos Martins','2018-07-21',0,45.00),(698,'Carla Gardênia de Lima','2018-08-22',0,55.00),(699,'Sizy Brenda de Melo','2018-07-22',0,45.00),(700,'Maria Eduarda Vieira de Lima','2020-12-22',0,45.00),(701,'Renata Suelly Gomes dos Santos','2018-08-23',0,35.00),(702,'Raquel Leny A. Carvalho','2018-08-23',0,45.00),(703,'Andre Santos','2018-07-22',0,45.00),(704,'Suilano de Sousa Arsene','2018-08-17',0,45.00),(706,'Natália Maria da Silva ','2018-07-25',0,35.00),(707,'Jeize Rodrigues Olanda','2018-07-25',0,45.00),(708,'Maria Jose de Almeida','2018-07-25',0,45.00),(709,'Maria Ivanete da Silva Benício ','2018-08-25',0,45.00),(710,'Maria da Conceição Araujo do Carmo','2018-08-25',0,45.00),(711,'Loanda Cruz Barbosa Cristino','2018-09-01',0,45.00),(712,'Tayana Maria de Assis Freitas','2018-07-25',0,40.00),(713,'Mariana Oliveira Custódio','2018-07-25',0,45.00),(714,'Shely Emylle Oliveira Alves','2018-07-25',0,45.00),(715,'Jacke Lima','2018-08-05',0,45.00),(716,'Niviane de Sousa Silva','2018-07-25',0,45.00),(717,'Renata Mesquita do Nascimento','2018-07-25',0,45.00),(718,'Antonio Eudalio de Sousa','2018-07-25',0,45.00),(719,'Bruno Pimentel Fernandes','2018-07-25',0,45.00),(720,'Savia Rene Cavalcante Batista ','2018-07-25',0,45.00),(721,'Amanda Aparecida S. Batista','2018-07-25',0,45.00),(722,'Roberto Gabriel Nobre Saraiva','2018-07-25',0,45.00),(723,'Samia Monteiro da Silva','2018-07-25',0,45.00),(724,'Francisco Jhonny da Silva','2018-07-26',0,45.00),(725,'Emilia Gabrielly Santiago Ribeiro','2018-07-26',0,45.00),(726,'Maria Iasmim Alves','2018-07-26',0,45.00),(727,'Charliane Gomes da Silva','2018-08-27',0,45.00),(729,'Elizangela Fernandes Teixeira','2018-07-27',0,45.00),(730,'Nayara Nagila do Nascimento','2018-07-27',0,45.00),(731,'Raquel  Vieira da Silva','2018-07-27',0,45.00),(732,'Kamila Elen Alves Nogueiro','2018-08-26',0,40.00),(733,'Emerson Rodrigo da Silva Lemos','2018-08-28',0,45.00),(734,'Ana Cleta Vitor','2018-07-28',0,45.00),(735,'Maisa Rabelo','2018-07-27',0,40.00),(736,'Willamy  Pinheiro Alves','2018-07-28',0,45.00),(737,'Yara Vieira Bezerra','2018-07-25',0,45.00),(738,'Talita Rodrigues de Araújo','2018-07-29',0,45.00),(740,'Francisco Bruno de Lima','2018-08-02',0,45.00),(742,'Pedro Henrique Batista da Silva','2018-08-02',0,40.00),(743,'Andreza Monica','2018-08-02',0,45.00),(744,'Antonia Daine Girãodo Nascimento','2018-08-02',0,45.00),(745,'Gabrielly Pereira da Silva','2018-08-02',0,40.00),(746,'Francisco Marlos Nunes da Silva','2018-09-02',0,40.00),(747,'Alex Silva do Nascimento','2018-08-02',0,45.00),(748,'Antonio Evay Rodrigues de Almeida','2018-08-02',0,40.00),(749,'Maria Suyane Ferreira Barbosa','2018-08-02',0,45.00),(750,'Sulyanne da Silva Ferreira','2018-08-02',0,40.00),(751,'Carlos Tecio Matias de Farias','2018-08-02',0,45.00),(752,'Jessica Magda Miranda','2018-08-31',0,45.00),(753,'Samara Fernandes de Almeida','2018-08-03',0,45.00),(754,'Clestenis Aires Celedonio','2018-08-03',0,45.00),(755,'Samia Jamily','2018-08-10',0,45.00),(756,'Ana Isaura de Almeida Martins','2018-08-04',0,45.00),(757,'Wanessa Costa Magalhães ','2018-08-03',0,45.00),(758,'Pedro Rossi','2018-08-02',0,40.00),(759,'Mercya Pinheiro Paulino','2018-08-02',0,45.00),(760,'Roberto da Cruz Sousa','2018-08-03',0,45.00),(761,'Idalia Pimenta Felicio Saldanha','2018-08-03',0,45.00),(762,'Antonio Marcio Domingos','2018-08-06',0,45.00),(763,'Thiago Pimenta Saldanha','2018-08-03',0,45.00),(764,'Renaldo Oliveira Medeiros','2018-08-03',0,45.00),(765,'Alan Nascimento','2018-08-03',0,40.00),(766,'Antonio Rafael de Miranda Leite','2018-08-02',0,45.00),(767,'Andresa Stefany Barbosa','2018-08-02',0,45.00),(768,'Jalleson Sousa Silva','2018-08-02',0,45.00),(769,'Paulo Vitor da Silva Santiago','2018-08-03',0,45.00),(770,'Elieuda Pereira Silva','2018-09-03',0,45.00),(771,'Juliano Gerônimo Nobre','2018-08-02',0,40.00),(773,'Ciranara Braz Rodrigues ','2018-08-02',0,45.00),(774,'Mara Rafaella Martins','2018-08-04',0,45.00),(775,'Francisco Rodrigo ','2018-08-05',0,45.00),(776,'Karliana Paulino Moreira','2018-08-04',0,40.00),(777,'Darlyn Lohana Paulino Moreira','2018-08-04',0,35.00),(778,'Karla Layra Moreira Oliveira','2018-08-09',0,40.00),(779,'Matheus Ferreira Coutinho','2018-08-03',0,45.00),(780,'Luiza Eleciuda dos Santos','2018-08-05',0,45.00),(781,'Adriana Carneiro dos Anjos','2018-08-03',0,45.00),(782,'David Cavalcante da Silva','2018-08-09',0,45.00),(783,'Joana Dark Juca de Soussa','2018-08-09',0,45.00),(784,'teste','2018-08-10',0,45.00),(785,'Maria Clara de Almeida ','2018-08-09',0,45.00),(786,'Andre da Silva de Santana','2018-08-10',0,45.00),(787,'Francisco Arlan de Lima','2018-08-09',0,40.00),(788,'Victtor Mello','2018-08-11',0,45.00),(789,'Rosimeire da Silva Lemos','2018-08-11',0,45.00),(790,'Glauber Marques Felix','2018-08-11',0,45.00),(791,'Pedro Mariano Barba','2018-08-11',0,45.00),(792,'Antonio Jeimison ferreira Diógenes','2018-08-12',0,40.00),(794,'Rodrigo da Silva Pinto','2018-08-13',0,45.00),(796,'Francisca Iara de Sousa Matos','2018-08-11',0,40.00),(797,'Tyago Bezerra de Sousa','2018-08-06',0,45.00),(798,'Cristiane do N. Oliveira','2018-08-10',0,45.00),(799,'Nayana Vasconcelos Rocha','2018-08-09',0,45.00),(800,'Monique Vitoria Moura Bandeira','2018-08-04',0,45.00),(801,'Saskia Holanda Maia','2018-08-05',0,45.00),(802,'Helton Gondim Barros','2018-08-09',0,45.00),(803,'Dalila de Araujo Pereira','2018-08-09',0,40.00),(804,'Patricia Pereira Sousa','2018-08-09',0,40.00),(805,'Ronildo Farias dos Santos','2018-08-09',0,45.00),(806,'Laisa Pimentel Nogueira','2018-08-09',0,45.00),(807,'Jonas Pereira da Silva','2018-08-09',0,45.00),(808,'Antonio Evandro de Araujo','2018-08-10',0,45.00),(809,'Davyd Alves dos Santos','2018-08-10',0,45.00),(810,'Mauro Cesar Paz de Moura','2018-08-09',0,45.00),(811,'Roberto de Oliveia Coutinho','2018-08-10',0,45.00),(812,'Eliane C. do Amaral','2018-08-09',0,45.00),(813,'Mayara Oliveira da Silva','2018-08-10',0,45.00),(814,'Francisco Gilliard Oliveira','2018-08-10',0,45.00),(815,'Itamar William de Souza  Silva','2018-08-09',0,55.00),(816,'Claudiana de Souza Silva','2018-08-09',0,55.00),(817,'Maria do Socorro Nogueira Nobre','2018-08-09',0,55.00),(818,'Ana Tarine Pinheiro de Lima','2018-08-10',0,40.00),(819,'Maria Fiama de Brito','2018-08-16',0,40.00),(820,'Loiana da Silva','2018-08-10',0,45.00),(821,'Ana Virginia de Oliveira','2018-08-16',0,45.00),(822,'Teresa Maria Carlos Martins','2018-08-16',0,45.00),(823,'Ashely Chiara Arruda','2018-09-03',0,45.00),(824,'Hiago Silva Souza ','2018-08-18',0,45.00),(825,'Clemilson Texeira ','2018-08-18',0,45.00),(826,'Hyago Souza Brasil','2018-08-19',0,45.00),(827,'Aline Pereira do nascimento','2018-08-18',0,45.00),(828,'Marcos Vinicius  Alves da Silva','2018-08-19',0,45.00),(829,'Anderson Luis da Silva','2018-08-16',0,45.00),(830,'Francisco Evilanio de Abreu','2018-08-16',0,45.00),(831,'Kauan Rocha','2018-08-18',0,45.00),(832,'Francisco Gerson da Rocha','2018-08-18',0,45.00),(833,'Ana Paula Sousa de Lima','2018-08-16',0,45.00),(834,'Decy Castro ','2018-08-14',0,45.00),(835,'Laiana da Silva Lúcio','2018-08-19',0,45.00),(836,'Daniela de Almeida Feitosa Gomes','2018-08-18',0,45.00),(837,'Jamylle Barbosa Macedo de Sousa','2018-08-18',0,45.00),(838,'Humberto Oliveira Sousa ','2018-08-16',0,40.00),(839,'Clemilson Texeira','2018-08-18',0,45.00),(840,'Ivone Araujo da Silva','2018-08-16',0,45.00),(841,'Francisca Vilmaneide da Silva','2018-08-17',0,40.00),(842,'ADAILSON BARBOSA ALVES','2018-08-16',0,40.00),(843,'FRANCISCA VILMANEIDE DA SILVA RODRIGUES','2018-08-17',0,45.00),(844,'EVANDERSON HONORATO LEITE','2018-08-17',0,45.00),(845,'Adelio Madeiro de Almeida','2018-08-23',0,40.00),(846,'Ana Lucia Ferreira de Oliveira','2018-08-26',0,40.00),(847,'Lucas Queiroz de Araujo','2018-08-25',0,1.00),(848,'Daniele Edwirges Diogenes','2018-08-20',0,40.00),(849,'Daiana Maria Santiago','2018-08-23',0,45.00),(850,'Roberto Edezio de Sousa','2018-08-23',0,45.00),(851,'Italo de Padua  Oliveira Saldanha ','2018-08-25',0,70.00),(852,'Francisca Jane Ferreira de Lima ','2018-08-24',0,45.00),(854,'Claudiamara Alves da Cruz','2018-08-25',0,45.00),(855,'Aricia de Sousa Dantas ','2018-08-25',0,40.00),(856,'Marcell Viana Marciel','2018-08-16',0,45.00),(857,'Cladiane Gomes da Silva ','2018-08-24',0,45.00),(858,'Carlos Alberto Junior','2018-08-16',0,35.00),(859,'Ana Angelica Madeiro ','2018-08-24',0,45.00),(860,'Joelma Nascimento','2018-08-24',0,45.00),(861,'Antonia Nivia  da Silva ','2018-08-24',0,45.00),(862,'Julio Fernandes de Sousa Borges','2018-08-23',0,45.00),(863,'Gabriel de Freitas ','2018-08-03',0,40.00),(864,'Claudiane Gomes da Silva','2018-08-24',0,45.00),(865,'Mateus dos Santos Lima','2018-08-20',0,45.00),(866,'Rodrigo Barros Jael','2018-08-24',0,45.00),(867,'Renata Mara Leal','2018-08-24',0,45.00),(868,'Rafael Leno Almeida Carvalho','2018-08-24',0,45.00),(869,'Ana Mara Queirroz de Sousa ','2018-08-23',0,45.00),(870,'Emanuela Gomes de Araujo','2018-08-17',0,40.00),(871,'Maria Elisangela da Silva ','2018-08-24',0,45.00),(872,'Monica da Silva Andrade ','2018-08-23',0,45.00),(873,'Francisco Fabio Alves Ribeiro','2018-08-20',0,40.00),(874,'Humberto  Oliveira de S. Junior','2018-08-28',0,40.00),(875,'Manoel Gomes  Neto','2018-08-23',0,45.00),(876,'Renata Maria do Carmo','2018-08-24',0,40.00),(877,'Cristiano Moreira Maia ','2018-08-27',0,40.00),(878,'Vanessa do Carmo Nascimento','2018-09-01',0,55.00),(879,'Jose Arlan Bernardo Silva ','2018-08-30',0,45.00),(880,'Flavia Alexandra F. Silva','2018-08-30',0,40.00),(881,'Fabio Rodrigues da Silva','2018-08-30',0,40.00),(882,'Herica Rodrigues da Silva ','2018-08-30',0,40.00),(883,'Jose Bruno Leundio Galvao ','2018-08-30',0,45.00),(884,'Manoel Patrick da Silva Cavalcante','2018-08-30',0,40.00),(885,'Wellen Soares Paulino ','2018-08-30',0,40.00),(886,'Cristiane da Silva Teixeira','2018-08-30',0,45.00),(887,'Antonia Narjara Alvino ','2018-08-31',0,40.00),(888,'Edinalda da Silva Neves ','2018-08-31',0,45.00),(889,'Julian Rodrigues Valerio','2018-08-31',0,45.00),(890,'Vinicius Farias','2018-09-01',0,45.00),(891,'JOÃO MARCELO DE OLIVEIRA','2018-09-30',0,45.00),(892,'Alan Vagner de Souza ','2018-09-02',0,35.00),(893,'Lhanna Seyller F. Dantas ','2018-08-30',0,45.00),(894,'Eduarda Santos e Silva ','2018-08-31',0,45.00),(895,'Patricia Silva de Sousa ','2018-08-31',0,45.00),(898,'Mariana de Sousa ','2018-09-05',0,40.00),(899,'Leonardo Mendes Lobo','2018-09-05',0,40.00),(900,'Taiane de Oliveira Teixeira ','2018-08-17',0,45.00),(901,'Tereza Cristina C. de Almeida','2018-09-02',0,45.00),(902,'Agna Hanna Alencar Cardoso ','2018-08-31',0,45.00),(903,'Sinha Amanda Bandeira de Queiroz ','2018-09-02',0,45.00),(904,'Crisia Pinheiro','2018-09-02',0,45.00),(905,'Rafael Jadson Arcelino Gomes ','2018-09-02',0,45.00),(906,'Adriely Martins Moura ','2018-09-02',0,45.00),(907,'Sara','2018-09-24',0,45.00),(908,'Sara Freitas','2018-09-24',0,45.00);
/*!40000 ALTER TABLE `pagamento` ENABLE KEYS */;
UNLOCK TABLES;

--
-- Table structure for table `pagamentosd`
--

DROP TABLE IF EXISTS `pagamentosd`;
/*!40101 SET @saved_cs_client     = @@character_set_client */;
/*!40101 SET character_set_client = utf8 */;
CREATE TABLE `pagamentosd` (
  `Id` int(11) NOT NULL AUTO_INCREMENT,
  `id_cliente` int(11) DEFAULT NULL,
  `valor` float(5,2) DEFAULT NULL,
  `data` date DEFAULT NULL,
  PRIMARY KEY (`Id`)
) ENGINE=InnoDB AUTO_INCREMENT=282 DEFAULT CHARSET=latin1;
/*!40101 SET character_set_client = @saved_cs_client */;

--
-- Dumping data for table `pagamentosd`
--

LOCK TABLES `pagamentosd` WRITE;
/*!40000 ALTER TABLE `pagamentosd` DISABLE KEYS */;
INSERT INTO `pagamentosd` VALUES (280,523,1.00,'2018-09-22'),(281,908,45.00,'2018-09-24');
/*!40000 ALTER TABLE `pagamentosd` ENABLE KEYS */;
UNLOCK TABLES;

--
-- Table structure for table `promocao`
--

DROP TABLE IF EXISTS `promocao`;
/*!40101 SET @saved_cs_client     = @@character_set_client */;
/*!40101 SET character_set_client = utf8 */;
CREATE TABLE `promocao` (
  `id` int(11) NOT NULL AUTO_INCREMENT,
  `nome` varchar(400) NOT NULL,
  `clientes` varchar(900) NOT NULL,
  `desconto` decimal(5,1) NOT NULL,
  PRIMARY KEY (`id`)
) ENGINE=InnoDB DEFAULT CHARSET=latin1;
/*!40101 SET character_set_client = @saved_cs_client */;

--
-- Dumping data for table `promocao`
--

LOCK TABLES `promocao` WRITE;
/*!40000 ALTER TABLE `promocao` DISABLE KEYS */;
/*!40000 ALTER TABLE `promocao` ENABLE KEYS */;
UNLOCK TABLES;
/*!40103 SET TIME_ZONE=@OLD_TIME_ZONE */;

/*!40101 SET SQL_MODE=@OLD_SQL_MODE */;
/*!40014 SET FOREIGN_KEY_CHECKS=@OLD_FOREIGN_KEY_CHECKS */;
/*!40014 SET UNIQUE_CHECKS=@OLD_UNIQUE_CHECKS */;
/*!40101 SET CHARACTER_SET_CLIENT=@OLD_CHARACTER_SET_CLIENT */;
/*!40101 SET CHARACTER_SET_RESULTS=@OLD_CHARACTER_SET_RESULTS */;
/*!40101 SET COLLATION_CONNECTION=@OLD_COLLATION_CONNECTION */;
/*!40111 SET SQL_NOTES=@OLD_SQL_NOTES */;

-- Dump completed on 2018-11-15 10:38:49
